model,objective,split,step,epoch,loss,actual_ratio,reward_accuracy,reward_margin,learning_rate,grad_norm
Qwen3-1.7B standard IPO,standard_ipo,train,10,0.01107879795042238,2463.7052734375,0.5009990494698287,0.5875,0.003996622934937477,4.983388704318937e-07,736219.125
Qwen3-1.7B standard IPO,standard_ipo,train,20,0.02215759590084476,2508.5908203125,0.4998581036925316,0.4875,-0.000567519549804274,4.964931709117755e-07,672944.8125
Qwen3-1.7B standard IPO,standard_ipo,train,30,0.033236393851267136,2490.4986328125,0.5003698512911796,0.525,0.0014791550696827472,4.946474713916574e-07,690425.5625
Qwen3-1.7B standard IPO,standard_ipo,train,40,0.04431519180168952,2505.0423828125,0.5000571362674237,0.4875,0.0002270823642902542,4.928017718715393e-07,532178.625
Qwen3-1.7B standard IPO,standard_ipo,train,50,0.0553939897521119,2403.1828125,0.5028772253543139,0.5625,0.011520741698041093,4.909560723514212e-07,730583.375
Qwen3-1.7B standard IPO,standard_ipo,train,60,0.06647278770253427,2331.13359375,0.5046661481261253,0.65,0.01867534331395291,4.891103728313031e-07,642541.1875
Qwen3-1.7B standard IPO,standard_ipo,train,70,0.07755158565295665,2466.209375,0.5017218124121428,0.5625,0.00689704300602898,4.872646733111849e-07,1025020.1875
Qwen3-1.7B standard IPO,standard_ipo,train,80,0.08863038360337903,2468.145703125,0.5013241074979305,0.5375,0.005300806116429158,4.854189737910668e-07,577136.3125
Qwen3-1.7B standard IPO,standard_ipo,train,90,0.09970918155380142,2446.0697265625,0.5019521191716194,0.5375,0.007823719597945455,4.835732742709486e-07,665272.0625
Qwen3-1.7B standard IPO,standard_ipo,train,100,0.1107879795042238,2316.3892578125,0.5054116509854794,0.6625,0.021670240303501488,4.817275747508305e-07,546623.25
Qwen3-1.7B standard IPO,standard_ipo,eval,100,0.1107879795042238,2349.758544921875,0.5049252399810198,0.5924932975871313,0.019733508525106646,,
Qwen3-1.7B standard IPO,standard_ipo,train,110,0.12186677745464618,2338.6767578125,0.5053091004490853,0.6,0.021267368632834405,4.798818752307125e-07,620690.4375
Qwen3-1.7B standard IPO,standard_ipo,train,120,0.13294557540506854,2419.776953125,0.5035746552050113,0.625,0.014310445403680205,4.780361757105943e-07,523808.40625
Qwen3-1.7B standard IPO,standard_ipo,train,130,0.14402437335549093,2558.97890625,0.5007930260151625,0.45,0.0032250947901047767,4.761904761904761e-07,576109.5
Qwen3-1.7B standard IPO,standard_ipo,train,140,0.1551031713059133,2414.9970703125,0.503806222975254,0.5,0.015279537125024945,4.7434477667035803e-07,588577.5625
Qwen3-1.7B standard IPO,standard_ipo,train,150,0.1661819692563357,2285.17421875,0.5067151669412852,0.6125,0.026902672462165357,4.724990771502399e-07,506600.75
Qwen3-1.7B standard IPO,standard_ipo,train,160,0.17726076720675807,2341.1564453125,0.5058596778661013,0.6,0.02351464031962678,4.706533776301218e-07,495455.375
Qwen3-1.7B standard IPO,standard_ipo,train,170,0.18833956515718045,2317.101171875,0.5072840236127376,0.5875,0.029237030306831002,4.6880767811000366e-07,901691.625
Qwen3-1.7B standard IPO,standard_ipo,train,180,0.19941836310760283,2083.242578125,0.5137698415666818,0.7375,0.05529732860159129,4.6696197858988557e-07,465049.21875
Qwen3-1.7B standard IPO,standard_ipo,train,190,0.2104971610580252,2400.1716796875,0.5051543302834034,0.625,0.020656590699218214,4.6511627906976743e-07,696460.5
Qwen3-1.7B standard IPO,standard_ipo,train,200,0.2215759590084476,2116.337890625,0.5168918754905463,0.675,0.068240890908055,4.6327057954964934e-07,531791.0
Qwen3-1.7B standard IPO,standard_ipo,eval,200,0.2215759590084476,2234.752685546875,0.5131106726605515,0.646112600536193,0.05293979401258257,,
Qwen3-1.7B standard IPO,standard_ipo,train,210,0.23265475695886997,2431.701953125,0.508196160569787,0.5375,0.03305177444126457,4.6142488002953115e-07,567240.75
Qwen3-1.7B standard IPO,standard_ipo,train,220,0.24373355490929235,2107.09453125,0.5155221417546272,0.675,0.062418918602634224,4.59579180509413e-07,528053.0625
Qwen3-1.7B standard IPO,standard_ipo,train,230,0.2548123528597147,2157.34921875,0.5144390169531107,0.625,0.05810350952669978,4.577334809892949e-07,612742.5625
Qwen3-1.7B standard IPO,standard_ipo,train,240,0.2658911508101371,2446.1185546875,0.5098785575479269,0.5125,0.03997416965430602,4.558877814691768e-07,659347.6875
Qwen3-1.7B standard IPO,standard_ipo,train,250,0.27696994876055947,2242.9328125,0.5095306169241667,0.6625,0.03823282872326672,4.540420819490587e-07,521191.15625
Qwen3-1.7B standard IPO,standard_ipo,train,260,0.28804874671098185,2128.906640625,0.5150192145258188,0.6875,0.060898411175003275,4.5219638242894055e-07,583971.3125
Qwen3-1.7B standard IPO,standard_ipo,train,270,0.29912754466140423,2282.1109375,0.5101996038109065,0.6125,0.04110198716516607,4.5035068290882246e-07,668429.4375
Qwen3-1.7B standard IPO,standard_ipo,train,280,0.3102063426118266,2271.4298828125,0.5096882849931716,0.6625,0.038970685959793624,4.485049833887043e-07,1035915.8125
Qwen3-1.7B standard IPO,standard_ipo,train,290,0.321285140562249,2141.2384765625,0.5152457509189844,0.725,0.06126498973462731,4.4665928386858623e-07,476768.46875
Qwen3-1.7B standard IPO,standard_ipo,train,300,0.3323639385126714,2112.262890625,0.5134778536856175,0.75,0.054092744446825235,4.4481358434846803e-07,587365.9375
Qwen3-1.7B standard IPO,standard_ipo,eval,300,0.3323639385126714,2190.120361328125,0.5133482976030089,0.6541554959785523,0.053807630667452956,,
Qwen3-1.7B standard IPO,standard_ipo,train,310,0.34344273646309376,2070.2248046875,0.5169960495084525,0.6875,0.06852710458915681,4.429678848283499e-07,671233.0
Qwen3-1.7B standard IPO,standard_ipo,train,320,0.35452153441351614,2142.469140625,0.5142609227448702,0.625,0.05742829972878098,4.411221853082318e-07,474904.125
Qwen3-1.7B standard IPO,standard_ipo,train,330,0.3656003323639385,2277.4021484375,0.5115796037018299,0.55,0.04675682178058196,4.3927648578811366e-07,517737.90625
Qwen3-1.7B standard IPO,standard_ipo,train,340,0.3766791303143609,2023.0587890625,0.5168720487505197,0.775,0.06803727131336927,4.3743078626799557e-07,529996.0625
Qwen3-1.7B standard IPO,standard_ipo,train,350,0.3877579282647833,2021.4349609375,0.5209936536848545,0.6875,0.08491219133138657,4.3558508674787743e-07,528237.0625
Qwen3-1.7B standard IPO,standard_ipo,train,360,0.39883672621520566,2282.091015625,0.5160066012293101,0.675,0.06545749456854537,4.3373938722775934e-07,551580.875
Qwen3-1.7B standard IPO,standard_ipo,train,370,0.40991552416562804,2170.1353515625,0.5149487793445587,0.6625,0.060202935250708835,4.318936877076412e-07,381790.9375
Qwen3-1.7B standard IPO,standard_ipo,train,380,0.4209943221160504,2006.7705078125,0.5175843082368374,0.6625,0.07074470715597272,4.30047988187523e-07,612272.25
Qwen3-1.7B standard IPO,standard_ipo,train,390,0.4320731200664728,2150.295703125,0.5151240490376949,0.625,0.06091573177836836,4.282022886674049e-07,513741.90625
Qwen3-1.7B standard IPO,standard_ipo,train,400,0.4431519180168952,2147.125,0.515998887270689,0.675,0.06447074303869157,4.263565891472868e-07,660280.25
Qwen3-1.7B standard IPO,standard_ipo,eval,400,0.4431519180168952,2168.915771484375,0.5155466841309064,0.6541554959785523,0.06269375339460037,,
Qwen3-1.7B standard IPO,standard_ipo,train,410,0.45423071596731757,2071.1802734375,0.5177037660032511,0.675,0.07132998277666047,4.245108896271687e-07,482627.25
Qwen3-1.7B standard IPO,standard_ipo,train,420,0.46530951391773995,2000.408984375,0.5212262518703937,0.6375,0.08572818606626242,4.2266519010705055e-07,428751.96875
Qwen3-1.7B standard IPO,standard_ipo,train,430,0.47638831186816233,2110.8208984375,0.5197703167796135,0.6125,0.08047601459547878,4.2081949058693246e-07,422095.21875
Qwen3-1.7B standard IPO,standard_ipo,train,440,0.4874671098185847,1715.175,0.529848039150238,0.7625,0.1209526947583072,4.189737910668143e-07,327461.90625
Qwen3-1.7B standard IPO,standard_ipo,train,450,0.49854590776900704,2570.03515625,0.5060702126473189,0.5375,0.024247189180459826,4.1712809154669623e-07,694013.5
Qwen3-1.7B standard IPO,standard_ipo,train,460,0.5096247057194294,2404.4576171875,0.5094171948730946,0.5875,0.038052564952522516,4.1528239202657803e-07,523986.90625
Qwen3-1.7B standard IPO,standard_ipo,train,470,0.5207035036698519,1916.2302734375,0.5231168448925019,0.7125,0.09340171269141137,4.134366925064599e-07,486396.53125
Qwen3-1.7B standard IPO,standard_ipo,train,480,0.5317823016202742,2275.18359375,0.5155146922916174,0.575,0.06310437060892582,4.115909929863418e-07,550924.4375
Qwen3-1.7B standard IPO,standard_ipo,train,490,0.5428610995706966,2256.6857421875,0.5178721338510514,0.6,0.07268736887490376,4.0974529346622366e-07,683511.0625
Qwen3-1.7B standard IPO,standard_ipo,train,500,0.5539398975211189,2015.11875,0.5193297140300274,0.675,0.07795127974823117,4.0789959394610557e-07,484076.3125
Qwen3-1.7B standard IPO,standard_ipo,eval,500,0.5539398975211189,2198.2275390625,0.5152641437328533,0.6595174262734584,0.06151869378224934,,
Qwen3-1.7B standard IPO,standard_ipo,train,510,0.5650186954715414,2100.8041015625,0.5199699576944112,0.6125,0.0808280598372221,4.0605389442598743e-07,477143.4375
Qwen3-1.7B standard IPO,standard_ipo,train,520,0.5760974934219637,2156.1142578125,0.5166160549968482,0.6375,0.06723393839783967,4.0420819490586934e-07,508306.75
Qwen3-1.7B standard IPO,standard_ipo,train,530,0.5871762913723861,2174.5423828125,0.5173454355448485,0.6625,0.07038607373833657,4.023624953857512e-07,471535.21875
Qwen3-1.7B standard IPO,standard_ipo,train,540,0.5982550893228085,2173.934375,0.5192602463066578,0.6,0.07851206809282303,4.0051679586563306e-07,832794.9375
Qwen3-1.7B standard IPO,standard_ipo,train,550,0.6093338872732309,2405.1353515625,0.5120726618915796,0.575,0.049143168469890953,3.986710963455149e-07,717350.875
Qwen3-1.7B standard IPO,standard_ipo,train,560,0.6204126852236532,2374.45078125,0.5149222690612077,0.625,0.060986564867198466,3.968253968253968e-07,588622.25
Qwen3-1.7B standard IPO,standard_ipo,train,570,0.6314914831740757,2319.3119140625,0.5155598863959312,0.6125,0.06284727812744677,3.949796973052787e-07,433669.625
Qwen3-1.7B standard IPO,standard_ipo,train,580,0.642570281124498,2397.2595703125,0.5109110683202743,0.5875,0.04405340685043484,3.9313399778516055e-07,600512.6875
Qwen3-1.7B standard IPO,standard_ipo,train,590,0.6536490790749204,2037.86484375,0.518061100691557,0.7,0.07280698284739628,3.9128829826504246e-07,603338.625
Qwen3-1.7B standard IPO,standard_ipo,train,600,0.6647278770253428,1952.790625,0.5228229179978371,0.675,0.09215886164456606,3.894425987449243e-07,578216.1875
Qwen3-1.7B standard IPO,standard_ipo,eval,600,0.6647278770253428,2132.18359375,0.5171879915066123,0.6648793565683646,0.06931842284791431,,
Qwen3-1.7B standard IPO,standard_ipo,train,610,0.6758066749757651,2201.9763671875,0.5154224969446659,0.6,0.062479545408859846,3.8759689922480623e-07,461783.96875
Qwen3-1.7B standard IPO,standard_ipo,train,620,0.6868854729261875,1930.359765625,0.5231326408684254,0.6625,0.09345072077121586,3.8575119970468803e-07,488270.75
Qwen3-1.7B standard IPO,standard_ipo,train,630,0.6979642708766098,1922.6166015625,0.5244209352880717,0.725,0.09886673139408231,3.839055001845699e-07,493968.125
Qwen3-1.7B standard IPO,standard_ipo,train,640,0.7090430688270323,2004.7447265625,0.5245598260313272,0.675,0.09973264749860392,3.820598006644518e-07,851751.0625
Qwen3-1.7B standard IPO,standard_ipo,train,650,0.7201218667774546,2197.4330078125,0.5168940786272287,0.6625,0.06806465650442987,3.8021410114433366e-07,600159.75
Qwen3-1.7B standard IPO,standard_ipo,train,660,0.731200664727877,2083.18203125,0.5189310852438211,0.65,0.0763667251681909,3.7836840162421557e-07,666272.0625
Qwen3-1.7B standard IPO,standard_ipo,train,670,0.7422794626782994,2100.5427734375,0.5208121906965971,0.625,0.08463551348540932,3.7652270210409743e-07,634896.4375
Qwen3-1.7B standard IPO,standard_ipo,train,680,0.7533582606287218,2264.754296875,0.5131589010357857,0.6375,0.05297788659809157,3.7467700258397934e-07,713348.0
Qwen3-1.7B standard IPO,standard_ipo,train,690,0.7644370585791441,2491.19609375,0.5058820944279432,0.575,0.023549981776159256,3.728313030638612e-07,558769.3125
Qwen3-1.7B standard IPO,standard_ipo,train,700,0.7755158565295666,2037.7853515625,0.5217114813625813,0.6875,0.08771303918329068,3.709856035437431e-07,574136.0625
Qwen3-1.7B standard IPO,standard_ipo,eval,700,0.7755158565295666,2146.5986328125,0.5172550349868335,0.6675603217158177,0.06958894788265109,,
Qwen3-1.7B standard IPO,standard_ipo,train,710,0.7865946544799889,2026.716015625,0.5221207562834025,0.6875,0.08972881700610742,3.691399040236249e-07,537780.0625
Qwen3-1.7B standard IPO,standard_ipo,train,720,0.7976734524304113,2177.6494140625,0.5152556475251913,0.6875,0.06168844678904861,3.672942045035068e-07,620644.6875
Qwen3-1.7B standard IPO,standard_ipo,train,730,0.8087522503808336,2245.6439453125,0.5140785731375217,0.6625,0.05687828107620589,3.654485049833887e-07,431338.03125
Qwen3-1.7B standard IPO,standard_ipo,train,740,0.8198310483312561,1954.564453125,0.5220382012426853,0.6625,0.08881336401682347,3.6360280546327055e-07,435024.71875
Qwen3-1.7B standard IPO,standard_ipo,train,750,0.8309098462816784,2325.376953125,0.5118827607482672,0.6375,0.047990029118955134,3.6175710594315246e-07,569709.875
Qwen3-1.7B standard IPO,standard_ipo,train,760,0.8419886442321008,2077.6443359375,0.5190251495689153,0.7125,0.07686239446047693,3.599114064230343e-07,511298.625
Qwen3-1.7B standard IPO,standard_ipo,train,770,0.8530674421825232,1948.9357421875,0.5232788600027561,0.7625,0.09416614240035415,3.5806570690291623e-07,554832.6875
Qwen3-1.7B standard IPO,standard_ipo,train,780,0.8641462401329456,2161.563671875,0.5188538439571857,0.6625,0.07640233144629746,3.562200073827981e-07,725805.1875
Qwen3-1.7B standard IPO,standard_ipo,train,790,0.8752250380833679,1898.140625,0.5242363613098859,0.675,0.09786499259062112,3.5437430786267994e-07,470551.28125
Qwen3-1.7B standard IPO,standard_ipo,train,800,0.8863038360337904,1865.968359375,0.5279236424714326,0.7375,0.1129586451454088,3.525286083425618e-07,648768.5625
Qwen3-1.7B standard IPO,standard_ipo,eval,800,0.8863038360337904,2148.71826171875,0.5180740275747335,0.67828418230563,0.07294697971045772,,
Qwen3-1.7B standard IPO,standard_ipo,train,810,0.8973826339842127,1775.3078125,0.5263603322207928,0.75,0.10619505520444364,3.5068290882244366e-07,662030.5625
Qwen3-1.7B standard IPO,standard_ipo,train,820,0.9084614319346351,1878.9212890625,0.5277160905301571,0.6625,0.11222342068795114,3.4883720930232557e-07,688094.8125
Qwen3-1.7B standard IPO,standard_ipo,train,830,0.9195402298850575,2168.661328125,0.5207174234092236,0.675,0.08463740253355354,3.4699150978220743e-07,625061.0625
Qwen3-1.7B standard IPO,standard_ipo,train,840,0.9306190278354799,1868.162890625,0.5330271616578102,0.625,0.1347889626864344,3.4514581026208934e-07,602903.6875
Qwen3-1.7B standard IPO,standard_ipo,train,850,0.9416978257859022,2235.1140625,0.5173560153692961,0.625,0.07011038335040212,3.433001107419712e-07,507445.75
Qwen3-1.7B standard IPO,standard_ipo,train,860,0.9527766237363247,2179.8740234375,0.5207277446985245,0.65,0.08446020493283868,3.414544112218531e-07,505986.21875
Qwen3-1.7B standard IPO,standard_ipo,train,870,0.963855421686747,2108.268359375,0.5212160669267177,0.6875,0.08609521936159581,3.396087117017349e-07,501275.59375
Qwen3-1.7B standard IPO,standard_ipo,train,880,0.9749342196371694,2102.2271484375,0.520976635068655,0.6875,0.08462797437096015,3.377630121816168e-07,444470.5625
Qwen3-1.7B standard IPO,standard_ipo,train,890,0.9860130175875917,2103.0306640625,0.5203519865870476,0.6625,0.08240116857923567,3.359173126614987e-07,623398.1875
Qwen3-1.7B standard IPO,standard_ipo,train,900,0.9970918155380141,1863.033984375,0.5253072965890169,0.7,0.10212526693940163,3.3407161314138055e-07,522215.46875
Qwen3-1.7B standard IPO,standard_ipo,eval,900,0.9970918155380141,2069.966552734375,0.5214552920880969,0.6675603217158177,0.08683599775592139,,
Qwen3-1.7B standard IPO,standard_ipo,train,910,1.0077551585652957,1340.79150390625,0.5454069646922025,0.8831168831168831,0.18391594149220686,3.3222591362126246e-07,408430.9375
Qwen3-1.7B standard IPO,standard_ipo,train,920,1.018833956515718,1362.18720703125,0.5430108532309532,0.8375,0.1738094371976331,3.303802141011443e-07,300503.875
Qwen3-1.7B standard IPO,standard_ipo,train,930,1.0299127544661404,1175.39306640625,0.5502019993960857,0.875,0.20307475212030113,3.2853451458102623e-07,388402.375
Qwen3-1.7B standard IPO,standard_ipo,train,940,1.0409915524165627,1578.30927734375,0.5350189536809922,0.7875,0.14164547580294312,3.266888150609081e-07,353490.8125
Qwen3-1.7B standard IPO,standard_ipo,train,950,1.0520703503669853,1341.393359375,0.5439693883061409,0.8875,0.17761458116583526,3.2484311554078994e-07,386642.0
Qwen3-1.7B standard IPO,standard_ipo,train,960,1.0631491483174076,1382.9314453125,0.543483953922987,0.825,0.17584084961563348,3.229974160206718e-07,482069.1875
Qwen3-1.7B standard IPO,standard_ipo,train,970,1.07422794626783,1229.00107421875,0.5468576081097126,0.875,0.1892954202136025,3.2115171650055366e-07,352916.15625
Qwen3-1.7B standard IPO,standard_ipo,train,980,1.0853067442182522,1468.85283203125,0.541618850082159,0.825,0.16902284827665426,3.1930601698043557e-07,367669.40625
Qwen3-1.7B standard IPO,standard_ipo,train,990,1.0963855421686748,1253.1984375,0.5492559924721718,0.8875,0.19980725082568823,3.1746031746031743e-07,391657.375
Qwen3-1.7B standard IPO,standard_ipo,train,1000,1.1074643401190971,1343.8869140625,0.5505346596240998,0.875,0.20636615508701653,3.1561461794019934e-07,660182.4375
Qwen3-1.7B standard IPO,standard_ipo,eval,1000,1.1074643401190971,2088.835205078125,0.5226836937202525,0.6648793565683646,0.09197606323112112,,
Qwen3-1.7B standard IPO,standard_ipo,train,1010,1.1185431380695194,1397.0904296875,0.5430071756243706,0.8375,0.173719090083614,3.137689184200812e-07,454090.6875
Qwen3-1.7B standard IPO,standard_ipo,train,1020,1.1296219360199418,1222.8763671875,0.5487010009586811,0.8875,0.19699070049391593,3.119232188999631e-07,543039.6875
Qwen3-1.7B standard IPO,standard_ipo,train,1030,1.1407007339703643,1346.21708984375,0.5464981742203235,0.8375,0.18836351381614805,3.100775193798449e-07,687607.0625
Qwen3-1.7B standard IPO,standard_ipo,train,1040,1.1517795319207866,1636.39765625,0.5349505130201578,0.8125,0.14131421146448703,3.0823181985972683e-07,420944.21875
Qwen3-1.7B standard IPO,standard_ipo,train,1050,1.162858329871209,1332.8806640625,0.544633275642991,0.8625,0.18046628789743407,3.063861203396087e-07,429270.46875
Qwen3-1.7B standard IPO,standard_ipo,train,1060,1.1739371278216313,1286.070703125,0.5496589675545692,0.875,0.2014561361633241,3.0454042081949055e-07,524934.3125
Qwen3-1.7B standard IPO,standard_ipo,train,1070,1.1850159257720536,1387.541796875,0.5449806671589613,0.8375,0.18226921577006577,3.0269472129937246e-07,389606.4375
Qwen3-1.7B standard IPO,standard_ipo,train,1080,1.1960947237224762,1419.22763671875,0.5431356344372034,0.825,0.17464524819515645,3.008490217792543e-07,280031.84375
Qwen3-1.7B standard IPO,standard_ipo,train,1090,1.2071735216728985,1382.2435546875,0.5465600337833166,0.875,0.18909570672549308,2.9900332225913623e-07,583173.3125
Qwen3-1.7B standard IPO,standard_ipo,train,1100,1.2182523196233208,1465.8171875,0.5379310820251704,0.85,0.1531358463689685,2.971576227390181e-07,532094.1875
Qwen3-1.7B standard IPO,standard_ipo,eval,1100,1.2182523196233208,2072.538818359375,0.5217496874984404,0.6836461126005362,0.08802188880212265,,
Qwen3-1.7B standard IPO,standard_ipo,train,1110,1.2293311175737434,1346.80771484375,0.5461626060307025,0.8875,0.18694502195576207,2.953119232189e-07,784686.875
Qwen3-1.7B standard IPO,standard_ipo,train,1120,1.2404099155241657,1247.72529296875,0.5487986862659454,0.85,0.1976438163081184,2.934662236987818e-07,353120.25
Qwen3-1.7B standard IPO,standard_ipo,train,1130,1.251488713474588,1213.65869140625,0.5520687468349934,0.8625,0.2111719439737499,2.9162052417866366e-07,434196.6875
Qwen3-1.7B standard IPO,standard_ipo,train,1140,1.2625675114250103,1263.05703125,0.5533960621803999,0.9,0.21703088420908898,2.8977482465854557e-07,441765.625
Qwen3-1.7B standard IPO,standard_ipo,train,1150,1.2736463093754327,1099.36201171875,0.5543739821761846,0.875,0.2202486997935921,2.8792912513842743e-07,338209.96875
Qwen3-1.7B standard IPO,standard_ipo,train,1160,1.2847251073258552,1266.590625,0.5514306776225567,0.8875,0.2091470397543162,2.8608342561830934e-07,705759.375
Qwen3-1.7B standard IPO,standard_ipo,train,1170,1.2958039052762775,1486.0583984375,0.5409843944013119,0.825,0.1663961137761362,2.842377260981912e-07,567801.375
Qwen3-1.7B standard IPO,standard_ipo,train,1180,1.3068827032266999,1157.4435546875,0.5515806976705789,0.9125,0.20877517862973036,2.823920265780731e-07,310394.21875
Qwen3-1.7B standard IPO,standard_ipo,train,1190,1.3179615011771224,1333.26943359375,0.543573709577322,0.825,0.17614324634196238,2.8054632705795497e-07,407211.875
Qwen3-1.7B standard IPO,standard_ipo,train,1200,1.3290402991275447,1367.7662109375,0.5449120454490185,0.8875,0.18224274769891052,2.7870062753783683e-07,529229.75
Qwen3-1.7B standard IPO,standard_ipo,eval,1200,1.3290402991275447,2084.15234375,0.5204601658573099,0.6943699731903485,0.08265710637927175,,
Qwen3-1.7B standard IPO,standard_ipo,train,1210,1.340119097077967,1407.9109375,0.5452808689326047,0.8375,0.1837275577359833,2.768549280177187e-07,718106.8125
Qwen3-1.7B standard IPO,standard_ipo,train,1220,1.3511978950283894,1233.66826171875,0.54881443195045,0.8625,0.1977177989552729,2.7500922849760055e-07,440169.03125
Qwen3-1.7B standard IPO,standard_ipo,train,1230,1.3622766929788117,1413.0587890625,0.5412884306162595,0.8875,0.16713047517114318,2.7316352897748246e-07,402399.3125
Qwen3-1.7B standard IPO,standard_ipo,train,1240,1.3733554909292343,1283.74814453125,0.5455806218087673,0.9,0.18439378701150416,2.713178294573643e-07,388913.65625
Qwen3-1.7B standard IPO,standard_ipo,train,1250,1.3844342888796566,1202.4884765625,0.551335334405303,0.9,0.20826333267614244,2.6947212993724623e-07,414665.84375
Qwen3-1.7B standard IPO,standard_ipo,train,1260,1.395513086830079,1162.0619140625,0.5523685608059168,0.9375,0.21228729048743844,2.676264304171281e-07,687578.0
Qwen3-1.7B standard IPO,standard_ipo,train,1270,1.4065918847805012,1142.49541015625,0.5548314984887839,0.9,0.22259494448080658,2.6578073089701e-07,347072.15625
Qwen3-1.7B standard IPO,standard_ipo,train,1280,1.4176706827309236,1259.881640625,0.5462665461003781,0.9125,0.1869369061430916,2.639350313768918e-07,412404.4375
Qwen3-1.7B standard IPO,standard_ipo,train,1290,1.428749480681346,1083.406640625,0.5586187984794379,0.9,0.23805029597133398,2.620893318567737e-07,522438.5
Qwen3-1.7B standard IPO,standard_ipo,train,1300,1.4398282786317684,1250.51171875,0.5514320157468319,0.875,0.20880635126959532,2.602436323366556e-07,517444.71875
Qwen3-1.7B standard IPO,standard_ipo,eval,1300,1.4398282786317684,2077.37353515625,0.5220505766990038,0.6809651474530831,0.08938951580098584,,
Qwen3-1.7B standard IPO,standard_ipo,train,1310,1.4509070765821908,1330.63544921875,0.5435766998678446,0.85,0.17600280462065712,2.5839793281653743e-07,425378.46875
Qwen3-1.7B standard IPO,standard_ipo,train,1320,1.4619858745326133,1187.568359375,0.5510622896254063,0.9,0.20685256868600846,2.5655223329641934e-07,434512.75
Qwen3-1.7B standard IPO,standard_ipo,train,1330,1.4730646724830356,1090.2640625,0.5579102326184511,0.925,0.23542311652563513,2.547065337763012e-07,596655.375
Qwen3-1.7B standard IPO,standard_ipo,train,1340,1.484143470433458,1238.941796875,0.5467684175819159,0.875,0.18932933849282563,2.528608342561831e-07,425237.40625
Qwen3-1.7B standard IPO,standard_ipo,train,1350,1.4952222683838803,1159.92666015625,0.5488495048135519,0.95,0.19741146240849047,2.5101513473606497e-07,412610.40625
Qwen3-1.7B standard IPO,standard_ipo,train,1360,1.5063010663343026,1401.99521484375,0.5453151851892472,0.825,0.18397266090614722,2.4916943521594683e-07,294803.28125
Qwen3-1.7B standard IPO,standard_ipo,train,1370,1.5173798642847252,1112.748046875,0.5557862434536218,0.9,0.2264205629006028,2.473237356958287e-07,359616.28125
Qwen3-1.7B standard IPO,standard_ipo,train,1380,1.5284586622351475,1456.643359375,0.550611549243331,0.825,0.20709602428833024,2.454780361757106e-07,513559.125
Qwen3-1.7B standard IPO,standard_ipo,train,1390,1.5395374601855698,1081.80693359375,0.5540821366012096,0.9375,0.21902692429721354,2.4363233665559246e-07,324907.71875
Qwen3-1.7B standard IPO,standard_ipo,train,1400,1.5506162581359924,1269.30849609375,0.5523016016930342,0.8875,0.21262839250266552,2.417866371354743e-07,413785.125
Qwen3-1.7B standard IPO,standard_ipo,eval,1400,1.5506162581359924,2083.61083984375,0.5206435818135259,0.7024128686327078,0.08342042988810398,,
Qwen3-1.7B standard IPO,standard_ipo,train,1410,1.5616950560864147,1340.93037109375,0.5415477376431227,0.8375,0.16764140797313304,2.3994093761535623e-07,534547.875
Qwen3-1.7B standard IPO,standard_ipo,train,1420,1.572773854036837,1251.2021484375,0.5449621483683587,0.925,0.1815087345894426,2.3809523809523806e-07,696880.875
Qwen3-1.7B standard IPO,standard_ipo,train,1430,1.5838526519872593,1030.39853515625,0.5588996849954129,0.925,0.2390537548577413,2.3624953857511995e-07,618039.5
Qwen3-1.7B standard IPO,standard_ipo,train,1440,1.5949314499376817,1301.41513671875,0.5457401968538761,0.8625,0.18518136887578293,2.3440383905500183e-07,436351.1875
Qwen3-1.7B standard IPO,standard_ipo,train,1450,1.6060102478881042,1161.64111328125,0.5527642142027617,0.9,0.21382508920505644,2.3255813953488372e-07,458149.5625
Qwen3-1.7B standard IPO,standard_ipo,train,1460,1.6170890458385265,1183.20107421875,0.5481936231255531,0.9,0.194836920266971,2.3071244001476557e-07,382556.0625
Qwen3-1.7B standard IPO,standard_ipo,train,1470,1.6281678437889489,1236.62314453125,0.5506037183105945,0.85,0.20485587567090988,2.2886674049464746e-07,507918.78125
Qwen3-1.7B standard IPO,standard_ipo,train,1480,1.6392466417393714,1317.52353515625,0.5423242304474115,0.85,0.1707430486800149,2.2702104097452934e-07,310801.8125
Qwen3-1.7B standard IPO,standard_ipo,train,1490,1.6503254396897935,1222.99306640625,0.5488770131021738,0.9125,0.19801971967099236,2.2517534145441123e-07,474386.75
Qwen3-1.7B standard IPO,standard_ipo,train,1500,1.661404237640216,1197.9826171875,0.5493913784623146,0.9,0.19991529546678066,2.2332964193429311e-07,507118.0
Qwen3-1.7B standard IPO,standard_ipo,eval,1500,1.661404237640216,2018.1280517578125,0.5244149520953283,0.6943699731903485,0.09903921930983303,,
Qwen3-1.7B standard IPO,standard_ipo,train,1510,1.6724830355906384,1176.2408203125,0.5537177234888077,0.875,0.21773988902568817,2.2148394241417495e-07,276822.65625
Qwen3-1.7B standard IPO,standard_ipo,train,1520,1.6835618335410607,1267.15751953125,0.5525577172636986,0.85,0.21408115189988167,2.1963824289405683e-07,451858.9375
Qwen3-1.7B standard IPO,standard_ipo,train,1530,1.6946406314914833,1204.79423828125,0.5521504435688257,0.875,0.21170556949218736,2.1779254337393872e-07,471242.1875
Qwen3-1.7B standard IPO,standard_ipo,train,1540,1.7057194294419056,1446.69189453125,0.540701973810792,0.8125,0.16471565102692692,2.159468438538206e-07,416471.96875
Qwen3-1.7B standard IPO,standard_ipo,train,1550,1.716798227392328,1035.34052734375,0.5557196445763111,0.9625,0.22517037617508323,2.1410114433370246e-07,383878.15625
Qwen3-1.7B standard IPO,standard_ipo,train,1560,1.7278770253427504,1205.31376953125,0.5500436529517174,0.9125,0.2028511165874079,2.1225544481358434e-07,402073.625
Qwen3-1.7B standard IPO,standard_ipo,train,1570,1.7389558232931726,1217.398046875,0.5484187465161086,0.9125,0.1958838188322261,2.1040974529346623e-07,415843.21875
Qwen3-1.7B standard IPO,standard_ipo,train,1580,1.750034621243595,1229.920703125,0.5470549616962671,0.8875,0.19000286695081742,2.0856404577334811e-07,561751.75
Qwen3-1.7B standard IPO,standard_ipo,train,1590,1.7611134191940174,1237.32626953125,0.5518010880798101,0.9,0.2101344786817208,2.0671834625322995e-07,409694.625
Qwen3-1.7B standard IPO,standard_ipo,train,1600,1.7721922171444398,1069.6357421875,0.55448477268219,0.925,0.22041402446338906,2.0487264673311183e-07,573256.0
Qwen3-1.7B standard IPO,standard_ipo,eval,1600,1.7721922171444398,2052.5693359375,0.5225842737320601,0.6863270777479893,0.09139843162239077,,
Qwen3-1.7B standard IPO,standard_ipo,train,1610,1.7832710150948623,1118.53466796875,0.5564869776368141,0.8875,0.22923937318846582,2.0302694721299372e-07,406132.5625
Qwen3-1.7B standard IPO,standard_ipo,train,1620,1.7943498130452846,1103.66708984375,0.5517706882208586,0.925,0.209207908436656,2.011812476928756e-07,316385.0625
Qwen3-1.7B standard IPO,standard_ipo,train,1630,1.805428610995707,1231.76162109375,0.5514374274760485,0.9125,0.20893720148596912,1.9933554817275746e-07,334107.1875
Qwen3-1.7B standard IPO,standard_ipo,train,1640,1.8165074089461295,1135.26474609375,0.5565396457910537,0.9375,0.22989549562335015,1.9748984865263934e-07,415868.03125
Qwen3-1.7B standard IPO,standard_ipo,train,1650,1.8275862068965516,1168.62646484375,0.5552842691540718,0.9125,0.22487238310277463,1.9564414913252123e-07,331918.65625
Qwen3-1.7B standard IPO,standard_ipo,train,1660,1.8386650048469741,1224.9830078125,0.5537834011018277,0.8375,0.21852037822827697,1.9379844961240311e-07,580213.125
Qwen3-1.7B standard IPO,standard_ipo,train,1670,1.8497438027973965,1016.9900390625,0.5582645978778601,0.95,0.236113229917828,1.9195275009228495e-07,395245.375
Qwen3-1.7B standard IPO,standard_ipo,train,1680,1.8608226007478188,1208.6033203125,0.5487977128475905,0.875,0.1973564672516659,1.9010705057216683e-07,424545.0
Qwen3-1.7B standard IPO,standard_ipo,train,1690,1.8719013986982413,1180.1978515625,0.5541177581995725,0.85,0.2195137499831617,1.8826135105204872e-07,344022.53125
Qwen3-1.7B standard IPO,standard_ipo,train,1700,1.8829801966486637,1241.03408203125,0.5507565986365079,0.8875,0.20614475519396364,1.864156515319306e-07,372197.96875
Qwen3-1.7B standard IPO,standard_ipo,eval,1700,1.8829801966486637,2063.040283203125,0.521329403323079,0.6729222520107239,0.08625809258803845,,
Qwen3-1.7B standard IPO,standard_ipo,train,1710,1.894058994599086,1188.5083984375,0.5535994108766318,0.9125,0.21771681401878595,1.8456995201181246e-07,879774.125
Qwen3-1.7B standard IPO,standard_ipo,train,1720,1.9051377925495083,1014.2103515625,0.5579291850328445,0.9375,0.23458226583898067,1.8272425249169434e-07,371277.09375
Qwen3-1.7B standard IPO,standard_ipo,train,1730,1.9162165904999306,1056.1296875,0.5539315298199654,0.925,0.21802411287790163,1.8087855297157623e-07,342181.28125
Qwen3-1.7B standard IPO,standard_ipo,train,1740,1.9272953884503532,1315.28876953125,0.551608445495367,0.9,0.2100880563259125,1.7903285345145811e-07,391055.6875
Qwen3-1.7B standard IPO,standard_ipo,train,1750,1.9383741864007755,1258.17333984375,0.5514476548880338,0.925,0.2089959361590445,1.7718715393133997e-07,302570.125
Qwen3-1.7B standard IPO,standard_ipo,train,1760,1.9494529843511978,1166.9837890625,0.5556038968265057,0.9125,0.22655619913712144,1.7534145441122183e-07,343565.96875
Qwen3-1.7B standard IPO,standard_ipo,train,1770,1.9605317823016204,1119.55234375,0.5509283304214477,0.9,0.20574110927991568,1.7349575489110372e-07,593653.875
Qwen3-1.7B standard IPO,standard_ipo,train,1780,1.9716105802520425,1257.27685546875,0.551945985481143,0.9,0.2112093427334912,1.716500553709856e-07,526681.125
Qwen3-1.7B standard IPO,standard_ipo,train,1790,1.982689378202465,980.79697265625,0.5600817773491145,0.925,0.2435822209343314,1.6980435585086746e-07,294325.21875
Qwen3-1.7B standard IPO,standard_ipo,train,1800,1.9937681761528874,1195.93427734375,0.5548100713640451,0.9,0.22241516439244152,1.6795865633074934e-07,594284.9375
Qwen3-1.7B standard IPO,standard_ipo,eval,1800,1.9937681761528874,2053.351806640625,0.5226143747967625,0.6890080428954424,0.09175893047390052,,
Qwen3-1.7B standard IPO,standard_ipo,train,1810,2.004431519180169,906.188671875,0.5626879500878321,0.961038961038961,0.2537608700622986,1.6611295681063123e-07,217802.09375
Qwen3-1.7B standard IPO,standard_ipo,train,1820,2.0155103171305915,853.48564453125,0.5641842998564244,0.925,0.2598032988840714,1.6426725729051311e-07,274520.96875
Qwen3-1.7B standard IPO,standard_ipo,train,1830,2.0265891150810136,794.48115234375,0.5668638154864312,0.9625,0.2706552351126447,1.6242155777039497e-07,297218.53125
Qwen3-1.7B standard IPO,standard_ipo,train,1840,2.037667913031436,774.46201171875,0.5646009135991334,0.975,0.2611921143718064,1.6057585825027683e-07,268894.96875
Qwen3-1.7B standard IPO,standard_ipo,train,1850,2.0487467109818587,812.424755859375,0.5663883179426193,0.925,0.26898627197369934,1.5873015873015872e-07,423418.53125
Qwen3-1.7B standard IPO,standard_ipo,train,1860,2.059825508932281,734.31328125,0.5701874695718289,1.0,0.28473451267927885,1.568844592100406e-07,310731.1875
Qwen3-1.7B standard IPO,standard_ipo,train,1870,2.0709043068827033,708.205224609375,0.5691079676151276,0.9625,0.2798055233899504,1.5503875968992246e-07,269272.9375
Qwen3-1.7B standard IPO,standard_ipo,train,1880,2.0819831048331254,577.26875,0.5804614279419184,0.9875,0.3268211078364402,1.5319306016980434e-07,300096.71875
Qwen3-1.7B standard IPO,standard_ipo,train,1890,2.093061902783548,627.858837890625,0.573573610931635,1.0,0.2982278522104025,1.5134736064968623e-07,281835.09375
Qwen3-1.7B standard IPO,standard_ipo,train,1900,2.1041407007339705,745.1328125,0.5660486567765475,0.975,0.26712646665982903,1.4950166112956811e-07,260621.703125
Qwen3-1.7B standard IPO,standard_ipo,eval,1900,2.1041407007339705,2048.262451171875,0.5225284407988949,0.6916890080428955,0.09126594137580162,,
Qwen3-1.7B standard IPO,standard_ipo,train,1910,2.1152194986843926,767.473779296875,0.5643965110182763,0.9875,0.2603456978686154,1.4765596160945e-07,338355.71875
Qwen3-1.7B standard IPO,standard_ipo,train,1920,2.126298296634815,799.018701171875,0.5648832555860281,0.9625,0.26264197449199855,1.4581026208933183e-07,295441.40625
Qwen3-1.7B standard IPO,standard_ipo,train,1930,2.1373770945852373,909.75166015625,0.5633067138493061,0.9625,0.2568656228715554,1.4396456256921372e-07,350161.34375
Qwen3-1.7B standard IPO,standard_ipo,train,1940,2.14845589253566,785.94111328125,0.5697716701775789,0.9625,0.2832242531236261,1.421188630490956e-07,305181.3125
Qwen3-1.7B standard IPO,standard_ipo,train,1950,2.1595346904860824,640.49912109375,0.5719722423702478,0.9875,0.29145108805969355,1.4027316352897749e-07,289998.96875
Qwen3-1.7B standard IPO,standard_ipo,train,1960,2.1706134884365045,766.994482421875,0.565694572404027,0.95,0.2657002645079046,1.3842746400885934e-07,285223.9375
Qwen3-1.7B standard IPO,standard_ipo,train,1970,2.181692286386927,525.532763671875,0.5775019995868206,0.9875,0.3139597848057747,1.3658176448874123e-07,246100.078125
Qwen3-1.7B standard IPO,standard_ipo,train,1980,2.1927710843373496,760.8142578125,0.5714764960110188,0.9625,0.29033740190789104,1.3473606496862311e-07,234392.953125
Qwen3-1.7B standard IPO,standard_ipo,train,1990,2.2038498822877717,799.230908203125,0.5704046741127968,0.95,0.2859363189665601,1.32890365448505e-07,264947.9375
Qwen3-1.7B standard IPO,standard_ipo,train,2000,2.2149286802381942,642.7732421875,0.5727442651987076,1.0,0.2948429387062788,1.3104466592838686e-07,387828.25
Qwen3-1.7B standard IPO,standard_ipo,eval,2000,2.2149286802381942,2050.074951171875,0.5223419129369087,0.6809651474530831,0.09038885174963333,,
Qwen3-1.7B standard IPO,standard_ipo,train,2010,2.2260074781886163,655.0326171875,0.5801673360168934,1.0,0.3265365914441645,1.2919896640826872e-07,227244.609375
Qwen3-1.7B standard IPO,standard_ipo,train,2020,2.237086276139039,779.94140625,0.5695105910301208,0.975,0.2818511439952999,1.273532668881506e-07,220312.78125
Qwen3-1.7B standard IPO,standard_ipo,train,2030,2.2481650740894614,770.75830078125,0.5702149551361799,0.95,0.28489942527376116,1.2550756736803249e-07,303662.25
Qwen3-1.7B standard IPO,standard_ipo,train,2040,2.2592438720398835,721.4244140625,0.5704644858837128,0.975,0.28562667216174303,1.2366186784791434e-07,417828.5625
Qwen3-1.7B standard IPO,standard_ipo,train,2050,2.270322669990306,812.308154296875,0.5677466623485088,0.9625,0.274845765135251,1.2181616832779623e-07,292022.125
Qwen3-1.7B standard IPO,standard_ipo,train,2060,2.2814014679407286,770.439306640625,0.5684513099491596,0.975,0.2774137772386894,1.1997046880767811e-07,283199.8125
Qwen3-1.7B standard IPO,standard_ipo,train,2070,2.2924802658911507,746.3630859375,0.5662245448678732,0.9625,0.2679245529230684,1.1812476928755997e-07,297676.90625
Qwen3-1.7B standard IPO,standard_ipo,train,2080,2.3035590638415733,785.789111328125,0.5654655911028386,0.975,0.26496720052091405,1.1627906976744186e-07,345929.0
Qwen3-1.7B standard IPO,standard_ipo,train,2090,2.3146378617919954,630.864599609375,0.5752206541597843,1.0,0.3051014124881476,1.1443337024732373e-07,327352.375
Qwen3-1.7B standard IPO,standard_ipo,train,2100,2.325716659742418,854.7603515625,0.5618977844715118,0.95,0.25041578207165005,1.1258767072720561e-07,378879.4375
Qwen3-1.7B standard IPO,standard_ipo,eval,2100,2.325716659742418,2068.5498046875,0.5219525189885506,0.67828418230563,0.08894665207434196,,
Qwen3-1.7B standard IPO,standard_ipo,train,2110,2.3367954576928405,776.27568359375,0.5694967586547136,0.975,0.28180810436606407,1.1074197120708747e-07,429858.9375
Qwen3-1.7B standard IPO,standard_ipo,train,2120,2.3478742556432626,721.83740234375,0.5728915888816118,0.9625,0.2959338051499799,1.0889627168696936e-07,379531.0625
Qwen3-1.7B standard IPO,standard_ipo,train,2130,2.358953053593685,747.533447265625,0.5709662318229676,0.975,0.28806005883961916,1.0705057216685123e-07,277681.3125
Qwen3-1.7B standard IPO,standard_ipo,train,2140,2.3700318515441072,782.11875,0.5663896206766367,0.95,0.2688602641457692,1.0520487264673311e-07,232286.53125
Qwen3-1.7B standard IPO,standard_ipo,train,2150,2.3811106494945298,695.71240234375,0.5754427377134561,0.95,0.3064710564678535,1.0335917312661497e-07,365023.78125
Qwen3-1.7B standard IPO,standard_ipo,train,2160,2.3921894474449523,825.12900390625,0.5634512808173895,0.975,0.2566808392293751,1.0151347360649686e-07,367701.9375
Qwen3-1.7B standard IPO,standard_ipo,train,2170,2.4032682453953744,784.9798828125,0.5674902830272913,0.9375,0.27338965851813557,9.966777408637873e-08,455849.78125
Qwen3-1.7B standard IPO,standard_ipo,train,2180,2.414347043345797,736.31865234375,0.5779701747000218,0.9625,0.31777306403964756,9.782207456626061e-08,245440.421875
Qwen3-1.7B standard IPO,standard_ipo,train,2190,2.4254258412962195,684.11748046875,0.5711296372115612,0.975,0.2881981653627008,9.597637504614247e-08,345238.28125
Qwen3-1.7B standard IPO,standard_ipo,train,2200,2.4365046392466416,833.4173828125,0.5673222672194242,0.9625,0.2731321934144944,9.413067552602436e-08,204725.40625
Qwen3-1.7B standard IPO,standard_ipo,eval,2200,2.4365046392466416,2031.18603515625,0.5234754942856908,0.6809651474530831,0.09525385828833557,,
Qwen3-1.7B standard IPO,standard_ipo,train,2210,2.447583437197064,855.58232421875,0.5632444389164448,0.95,0.25618132441304625,9.228497600590623e-08,299880.375
Qwen3-1.7B standard IPO,standard_ipo,train,2220,2.4586622351474867,750.697265625,0.5671615179628133,0.975,0.2717948386911303,9.043927648578811e-08,380892.15625
Qwen3-1.7B standard IPO,standard_ipo,train,2230,2.469741033097909,687.074560546875,0.5716679576784373,0.9625,0.29048033702420073,8.859357696566999e-08,259638.328125
Qwen3-1.7B standard IPO,standard_ipo,train,2240,2.4808198310483314,772.971435546875,0.5688843306154012,0.95,0.27923714264761657,8.674787744555186e-08,354714.5625
Qwen3-1.7B standard IPO,standard_ipo,train,2250,2.4918986289987535,753.80283203125,0.5658812984824181,0.975,0.26646189235616474,8.490217792543373e-08,299392.84375
Qwen3-1.7B standard IPO,standard_ipo,train,2260,2.502977426949176,855.40341796875,0.5671931609511376,0.95,0.2724171434994787,8.305647840531561e-08,392703.84375
Qwen3-1.7B standard IPO,standard_ipo,train,2270,2.5140562248995986,723.85849609375,0.5677495680749416,0.95,0.27401369099970907,8.121077888519749e-08,238911.234375
Qwen3-1.7B standard IPO,standard_ipo,train,2280,2.5251350228500207,739.84775390625,0.5695261385291814,0.975,0.28181370156817137,7.936507936507936e-08,294544.78125
Qwen3-1.7B standard IPO,standard_ipo,train,2290,2.536213820800443,604.60810546875,0.575785693153739,0.9875,0.3073080108966678,7.751937984496123e-08,430548.96875
Qwen3-1.7B standard IPO,standard_ipo,train,2300,2.5472926187508653,730.247705078125,0.5700026895850897,0.975,0.2838082349393517,7.567368032484311e-08,248866.140625
Qwen3-1.7B standard IPO,standard_ipo,eval,2300,2.5472926187508653,2065.5888671875,0.5217036091130796,0.6836461126005362,0.08790568063465064,,
Qwen3-1.7B standard IPO,standard_ipo,train,2310,2.558371416701288,589.871435546875,0.5785137563943863,0.9625,0.3186914975522086,7.3827980804725e-08,308394.34375
Qwen3-1.7B standard IPO,standard_ipo,train,2320,2.5694502146517104,894.078125,0.5612686421722174,0.975,0.24813670020084827,7.198228128460686e-08,321358.875
Qwen3-1.7B standard IPO,standard_ipo,train,2330,2.5805290126021325,701.731298828125,0.56920210942626,0.975,0.2801753372652456,7.013658176448874e-08,260895.359375
Qwen3-1.7B standard IPO,standard_ipo,train,2340,2.591607810552555,656.414111328125,0.5748496644198895,1.0,0.3038834938546643,6.829088224437061e-08,391942.21875
Qwen3-1.7B standard IPO,standard_ipo,train,2350,2.602686608502977,691.047802734375,0.5708698976784945,0.975,0.28712988132610917,6.64451827242525e-08,268772.8125
Qwen3-1.7B standard IPO,standard_ipo,train,2360,2.6137654064533997,687.0478515625,0.5685010455548763,0.9875,0.27700320007279516,6.459948320413436e-08,222018.90625
Qwen3-1.7B standard IPO,standard_ipo,train,2370,2.6248442044038223,732.077783203125,0.5673933822661639,0.9625,0.27268934841267767,6.275378368401624e-08,264189.53125
Qwen3-1.7B standard IPO,standard_ipo,train,2380,2.635923002354245,779.111083984375,0.568534117937088,0.9375,0.27768792214337734,6.090808416389811e-08,365552.4375
Qwen3-1.7B standard IPO,standard_ipo,train,2390,2.647001800304667,730.46923828125,0.5687877736985684,0.9875,0.27864119242876767,5.9062384643779986e-08,247626.375
Qwen3-1.7B standard IPO,standard_ipo,train,2400,2.6580805982550895,878.2876953125,0.5636795535683632,0.95,0.2580764455255121,5.7216685123661865e-08,400145.65625
Qwen3-1.7B standard IPO,standard_ipo,eval,2400,2.6580805982550895,2069.57666015625,0.5221882211618705,0.6809651474530831,0.08998514120104965,,
Qwen3-1.7B standard IPO,standard_ipo,train,2410,2.6691593962055116,657.8927734375,0.5778286844491959,0.9625,0.3166838355595246,5.5370985603543736e-08,365207.25
Qwen3-1.7B standard IPO,standard_ipo,train,2420,2.680238194155934,756.495458984375,0.568245156481862,0.95,0.2765189316822216,5.3525286083425615e-08,288914.90625
Qwen3-1.7B standard IPO,standard_ipo,train,2430,2.6913169921063567,538.904443359375,0.5806446336209774,0.975,0.32735157283023,5.1679586563307486e-08,192096.859375
Qwen3-1.7B standard IPO,standard_ipo,train,2440,2.7023957900567788,744.693408203125,0.566135237365961,0.9875,0.2674931136891246,4.9833887043189365e-08,290340.28125
Qwen3-1.7B standard IPO,standard_ipo,train,2450,2.7134745880072013,586.495751953125,0.5749859496951103,1.0,0.3038427711930126,4.7988187523071236e-08,302681.3125
Qwen3-1.7B standard IPO,standard_ipo,train,2460,2.7245533859576234,598.583740234375,0.5822071686387063,1.0,0.33470337868202477,4.6142488002953115e-08,215813.671875
Qwen3-1.7B standard IPO,standard_ipo,train,2470,2.735632183908046,677.730224609375,0.5733887944370508,0.975,0.2976424802094698,4.429678848283499e-08,273504.375
Qwen3-1.7B standard IPO,standard_ipo,train,2480,2.7467109818584685,700.735107421875,0.5694560099393129,0.9625,0.28115597916767,4.2451088962716865e-08,278632.90625
Qwen3-1.7B standard IPO,standard_ipo,train,2490,2.7577897798088906,620.918603515625,0.5792432278394699,0.9875,0.3221255320124328,4.060538944259874e-08,185639.34375
Qwen3-1.7B standard IPO,standard_ipo,train,2500,2.768868577759313,792.184619140625,0.5693622551858425,0.9625,0.2813713648123667,3.8759689922480615e-08,314206.75
Qwen3-1.7B standard IPO,standard_ipo,eval,2500,2.768868577759313,2067.8369140625,0.5222849384070082,0.6729222520107239,0.09034584232433712,,
Qwen3-1.7B standard IPO,standard_ipo,train,2510,2.7799473757097353,587.99052734375,0.5794369973242283,0.975,0.32258523628115654,3.69139904023625e-08,269454.78125
Qwen3-1.7B standard IPO,standard_ipo,train,2520,2.791026173660158,681.986376953125,0.5716844744980335,0.975,0.2904376099817455,3.506829088224437e-08,279226.6875
Qwen3-1.7B standard IPO,standard_ipo,train,2530,2.8021049716105804,710.72197265625,0.5714197415858507,0.975,0.28971224068664014,3.322259136212625e-08,323550.125
Qwen3-1.7B standard IPO,standard_ipo,train,2540,2.8131837695610025,728.15498046875,0.5680601812899113,0.95,0.27541661146096885,3.137689184200812e-08,354492.0625
Qwen3-1.7B standard IPO,standard_ipo,train,2550,2.824262567511425,673.82724609375,0.5741770919412374,0.9625,0.3009619008516893,2.9531192321889993e-08,239356.5625
Qwen3-1.7B standard IPO,standard_ipo,train,2560,2.835341365461847,743.279248046875,0.5673060465604067,0.95,0.27240817309357224,2.7685492801771868e-08,381176.125
Qwen3-1.7B standard IPO,standard_ipo,train,2570,2.8464201634122697,569.230322265625,0.5763768047094345,0.975,0.30957161039114,2.5839793281653743e-08,283630.09375
Qwen3-1.7B standard IPO,standard_ipo,train,2580,2.857498961362692,762.088720703125,0.5686593804508447,0.975,0.2783672888763249,2.3994093761535618e-08,302727.65625
Qwen3-1.7B standard IPO,standard_ipo,train,2590,2.8685777593131148,655.2349609375,0.5783111777156591,0.975,0.318509679986164,2.2148394241417497e-08,204202.40625
Qwen3-1.7B standard IPO,standard_ipo,train,2600,2.879656557263537,665.4146484375,0.5705219626426696,1.0,0.2854888249188662,2.030269472129937e-08,376262.53125
Qwen3-1.7B standard IPO,standard_ipo,eval,2600,2.879656557263537,2069.91162109375,0.5220262226885829,0.6890080428954424,0.08924595005910134,,
Qwen3-1.7B standard IPO,standard_ipo,train,2610,2.8907353552139594,675.58232421875,0.5727442424744368,0.975,0.2948647431563586,1.845699520118125e-08,311803.78125
Qwen3-1.7B standard IPO,standard_ipo,train,2620,2.9018141531643815,744.833349609375,0.5718643113970756,0.925,0.29172953153029085,1.6611295681063125e-08,213437.671875
Qwen3-1.7B standard IPO,standard_ipo,train,2630,2.912892951114804,563.93134765625,0.5733576245605946,1.0,0.2967048736754805,1.4765596160944997e-08,223108.1875
Qwen3-1.7B standard IPO,standard_ipo,train,2640,2.9239717490652266,684.09501953125,0.5709228798747062,0.975,0.2872321191709489,1.2919896640826872e-08,260973.1875
Qwen3-1.7B standard IPO,standard_ipo,train,2650,2.9350505470156487,601.464208984375,0.5751683536916972,0.975,0.30455343360081316,1.1074197120708748e-08,378244.84375
Qwen3-1.7B standard IPO,standard_ipo,train,2660,2.9461293449660713,757.198828125,0.5739791963249445,0.975,0.30093852020800116,9.228497600590625e-09,311222.78125
Qwen3-1.7B standard IPO,standard_ipo,train,2670,2.9572081429164934,814.605859375,0.5676928754895926,0.9375,0.27466690668370575,7.382798080472498e-09,473871.78125
Qwen3-1.7B standard IPO,standard_ipo,train,2680,2.968286940866916,769.6650390625,0.5698242839425802,0.95,0.283294465020299,5.537098560354374e-09,331214.5
Qwen3-1.7B standard IPO,standard_ipo,train,2690,2.9793657388173385,860.2669921875,0.5636181604117155,0.925,0.2576101943850517,3.691399040236249e-09,447244.6875
Qwen3-1.7B standard IPO,standard_ipo,train,2700,2.9904445367677606,631.0267578125,0.5777612060308457,0.95,0.3155240032821894,1.8456995201181246e-09,312191.46875
Qwen3-1.7B standard IPO,standard_ipo,eval,2700,2.9904445367677606,2073.078369140625,0.5220224308424277,0.6863270777479893,0.08926488438636145,,
Qwen3-1.7B standard IPO,standard_ipo,eval,2709,3.0,2065.61669921875,0.5221703234690444,0.67828418230563,0.08988200996230898,,
Qwen3-1.7B ratio=0.6,target_ratio,train,10,0.01107879795042238,0.1651435375213623,0.499859394133091,0.5,-0.0005623425386147574,4.983388704318937e-07,60.26366424560547
Qwen3-1.7B ratio=0.6,target_ratio,train,20,0.02215759590084476,0.16609429121017455,0.4995743460953236,0.45,-0.0017027871144819073,4.964931709117755e-07,53.11112594604492
Qwen3-1.7B ratio=0.6,target_ratio,train,30,0.033236393851267136,0.16401641368865966,0.500265522673726,0.5375,0.0010618423548294231,4.946474713916574e-07,57.07476806640625
Qwen3-1.7B ratio=0.6,target_ratio,train,40,0.04431519180168952,0.1680884838104248,0.49913094341754916,0.55,-0.0034795521758496763,4.928017718715393e-07,43.564598083496094
Qwen3-1.7B ratio=0.6,target_ratio,train,50,0.0553939897521119,0.15841702222824097,0.502373444288969,0.575,0.009503974110702983,4.909560723514212e-07,61.93764877319336
Qwen3-1.7B ratio=0.6,target_ratio,train,60,0.06647278770253427,0.15347272157669067,0.5039464186877012,0.6625,0.015798403468215837,4.891103728313031e-07,50.181060791015625
Qwen3-1.7B ratio=0.6,target_ratio,train,70,0.07755158565295665,0.16155143976211547,0.5018187064677477,0.6,0.007282028952613473,4.872646733111849e-07,82.2315444946289
Qwen3-1.7B ratio=0.6,target_ratio,train,80,0.08863038360337903,0.1618736982345581,0.5013828955590725,0.5125,0.0055364110856316985,4.854189737910668e-07,45.93459701538086
Qwen3-1.7B ratio=0.6,target_ratio,train,90,0.09970918155380142,0.16148756742477416,0.5016100376844406,0.525,0.006455721248312329,4.835732742709486e-07,56.28049087524414
Qwen3-1.7B ratio=0.6,target_ratio,train,100,0.1107879795042238,0.1525225043296814,0.5045805081725121,0.65,0.018341086385771633,4.817275747508305e-07,45.75973129272461
Qwen3-1.7B ratio=0.6,target_ratio,eval,100,0.1107879795042238,0.15408122539520264,0.5044949996727082,0.5978552278820375,0.01800579061462037,,
Qwen3-1.7B ratio=0.6,target_ratio,train,110,0.12186677745464618,0.15367952585220337,0.5047506779432297,0.5875,0.019029094889992847,4.798818752307125e-07,48.965213775634766
Qwen3-1.7B ratio=0.6,target_ratio,train,120,0.13294557540506854,0.15987533330917358,0.5029638171195984,0.575,0.011858183448202908,4.780361757105943e-07,41.7132453918457
Qwen3-1.7B ratio=0.6,target_ratio,train,130,0.14402437335549093,0.16876901388168336,0.5008104376494884,0.5125,0.0032725259312428533,4.761904761904761e-07,45.942543029785156
Qwen3-1.7B ratio=0.6,target_ratio,train,140,0.1551031713059133,0.15700211524963378,0.5039945635944605,0.5375,0.0160159426915925,4.7434477667035803e-07,48.145347595214844
Qwen3-1.7B ratio=0.6,target_ratio,train,150,0.1661819692563357,0.14880454540252686,0.5060637652873993,0.6125,0.024284317845012993,4.724990771502399e-07,39.7967643737793
Qwen3-1.7B ratio=0.6,target_ratio,train,160,0.17726076720675807,0.15276875495910644,0.5052309177815915,0.5875,0.02096036756411195,4.706533776301218e-07,39.802921295166016
Qwen3-1.7B ratio=0.6,target_ratio,train,170,0.18833956515718045,0.15450944900512695,0.505989945307374,0.5625,0.02404820145457052,4.6880767811000366e-07,86.92711639404297
Qwen3-1.7B ratio=0.6,target_ratio,train,180,0.19941836310760283,0.1364761233329773,0.5119803719222545,0.7,0.04808373822597787,4.6696197858988557e-07,37.834564208984375
Qwen3-1.7B ratio=0.6,target_ratio,train,190,0.2104971610580252,0.15610481500625611,0.5051096443086862,0.6,0.020478601090144367,4.6511627906976743e-07,57.401607513427734
Qwen3-1.7B ratio=0.6,target_ratio,train,200,0.2215759590084476,0.13815529346466066,0.5159570291638375,0.6875,0.06441467490512878,4.6327057954964934e-07,43.518157958984375
Qwen3-1.7B ratio=0.6,target_ratio,eval,200,0.2215759590084476,0.14589287340641022,0.512045662300836,0.6193029490616622,0.04854419377217963,,
Qwen3-1.7B ratio=0.6,target_ratio,train,210,0.23265475695886997,0.15969475507736205,0.5073087606579065,0.525,0.029410620557609946,4.6142488002953115e-07,45.24241256713867
Qwen3-1.7B ratio=0.6,target_ratio,train,220,0.24373355490929235,0.13474148511886597,0.5137524127960205,0.675,0.055192512343637645,4.59579180509413e-07,45.151493072509766
Qwen3-1.7B ratio=0.6,target_ratio,train,230,0.2548123528597147,0.1368205428123474,0.5138549499213696,0.6625,0.05569045953452587,4.577334809892949e-07,48.93090057373047
Qwen3-1.7B ratio=0.6,target_ratio,train,240,0.2658911508101371,0.15923434495925903,0.5092519067227841,0.5625,0.03728870509658009,4.558877814691768e-07,47.827537536621094
Qwen3-1.7B ratio=0.6,target_ratio,train,250,0.27696994876055947,0.14720860719680787,0.5080428879708052,0.625,0.03224876115564257,4.540420819490587e-07,43.20182418823242
Qwen3-1.7B ratio=0.6,target_ratio,train,260,0.28804874671098185,0.13763166666030885,0.513636439666152,0.675,0.055084621696732936,4.5219638242894055e-07,45.77306365966797
Qwen3-1.7B ratio=0.6,target_ratio,train,270,0.29912754466140423,0.14794200658798218,0.5095211710780859,0.5625,0.03829494973178953,4.5035068290882246e-07,54.16930389404297
Qwen3-1.7B ratio=0.6,target_ratio,train,280,0.3102063426118266,0.1481514096260071,0.5087523229420186,0.65,0.03515944645623677,4.485049833887043e-07,84.07856750488281
Qwen3-1.7B ratio=0.6,target_ratio,train,290,0.321285140562249,0.1384793519973755,0.5139252163469792,0.7125,0.055940675432793796,4.4665928386858623e-07,38.30341720581055
Qwen3-1.7B ratio=0.6,target_ratio,train,300,0.3323639385126714,0.13615686893463136,0.5123314674943685,0.725,0.049450476700440046,4.4481358434846803e-07,47.58177947998047
Qwen3-1.7B ratio=0.6,target_ratio,eval,300,0.3323639385126714,0.14451701939105988,0.5114903590634425,0.6729222520107239,0.046210121495187925,,
Qwen3-1.7B ratio=0.6,target_ratio,train,310,0.34344273646309376,0.13608994483947753,0.5147784631699324,0.65,0.059496603379375304,4.429678848283499e-07,54.57696533203125
Qwen3-1.7B ratio=0.6,target_ratio,train,320,0.35452153441351614,0.14001801013946533,0.5127855360507965,0.625,0.05142012815922499,4.411221853082318e-07,39.062923431396484
Qwen3-1.7B ratio=0.6,target_ratio,train,330,0.3656003323639385,0.1491960644721985,0.5103068422526121,0.5875,0.04152745492756367,4.3927648578811366e-07,40.49700164794922
Qwen3-1.7B ratio=0.6,target_ratio,train,340,0.3766791303143609,0.1326478362083435,0.5144925247877836,0.725,0.058311901846900584,4.3743078626799557e-07,44.959625244140625
Qwen3-1.7B ratio=0.6,target_ratio,train,350,0.3877579282647833,0.1315382719039917,0.5186728026717902,0.7,0.07530138724250719,4.3558508674787743e-07,40.909812927246094
Qwen3-1.7B ratio=0.6,target_ratio,train,360,0.39883672621520566,0.14835724830627442,0.5150495827198028,0.675,0.06122189039597288,4.3373938722775934e-07,44.103370666503906
Qwen3-1.7B ratio=0.6,target_ratio,train,370,0.40991552416562804,0.1386273741722107,0.5142923954874277,0.65,0.057478007965255526,4.318936877076412e-07,29.166828155517578
Qwen3-1.7B ratio=0.6,target_ratio,train,380,0.4209943221160504,0.1286145806312561,0.5164516884833574,0.6875,0.06613248619250953,4.30047988187523e-07,48.823883056640625
Qwen3-1.7B ratio=0.6,target_ratio,train,390,0.4320731200664728,0.13950566053390503,0.513459961861372,0.6125,0.05407440486596897,4.282022886674049e-07,41.97019958496094
Qwen3-1.7B ratio=0.6,target_ratio,train,400,0.4431519180168952,0.13824139833450316,0.5149456456303596,0.6375,0.06013711882987991,4.263565891472868e-07,54.70182800292969
Qwen3-1.7B ratio=0.6,target_ratio,eval,400,0.4431519180168952,0.14253567159175873,0.5135232232531018,0.6675603217158177,0.054398031206177325,,
Qwen3-1.7B ratio=0.6,target_ratio,train,410,0.45423071596731757,0.13550994396209717,0.5159110348671675,0.65,0.06400027319323272,4.245108896271687e-07,37.14115905761719
Qwen3-1.7B ratio=0.6,target_ratio,train,420,0.46530951391773995,0.13106222152709962,0.5188489925116301,0.6375,0.075949530757498,4.2266519010705055e-07,35.27854919433594
Qwen3-1.7B ratio=0.6,target_ratio,train,430,0.47638831186816233,0.13545353412628175,0.5182864785194397,0.6125,0.07405203264206647,4.2081949058693246e-07,33.25703430175781
Qwen3-1.7B ratio=0.6,target_ratio,train,440,0.4874671098185847,0.10912604331970215,0.5265053912997246,0.7875,0.10696108738193288,4.189737910668143e-07,25.443592071533203
Qwen3-1.7B ratio=0.6,target_ratio,train,450,0.49854590776900704,0.16914697885513305,0.5059461701661349,0.5875,0.023762103146873416,4.1712809154669623e-07,58.19823455810547
Qwen3-1.7B ratio=0.6,target_ratio,train,460,0.5096247057194294,0.16001092195510863,0.5076103270053863,0.55,0.030683010863140226,4.1528239202657803e-07,42.429317474365234
Qwen3-1.7B ratio=0.6,target_ratio,train,470,0.5207035036698519,0.12453972101211548,0.5200130365788936,0.7125,0.08065474932081998,4.134366925064599e-07,38.36412048339844
Qwen3-1.7B ratio=0.6,target_ratio,train,480,0.5317823016202742,0.1542121410369873,0.5127606496214867,0.5625,0.05171263213269413,4.115909929863418e-07,45.01132583618164
Qwen3-1.7B ratio=0.6,target_ratio,train,490,0.5428610995706966,0.15252901315689088,0.5144040279090405,0.6125,0.05830362163251266,4.0974529346622366e-07,56.3460807800293
Qwen3-1.7B ratio=0.6,target_ratio,train,500,0.5539398975211189,0.13089479207992555,0.5170284312218427,0.7,0.06856091362424195,4.0789959394610557e-07,40.56220626831055
Qwen3-1.7B ratio=0.6,target_ratio,eval,500,0.5539398975211189,0.14283853769302368,0.5135963023827479,0.6729222520107239,0.05466523811710504,,
Qwen3-1.7B ratio=0.6,target_ratio,train,510,0.5650186954715414,0.13590134382247926,0.5178290318697691,0.65,0.0718917506514117,4.0605389442598743e-07,40.82990264892578
Qwen3-1.7B ratio=0.6,target_ratio,train,520,0.5760974934219637,0.143069326877594,0.5146582711488008,0.625,0.05918744292575866,4.0420819490586934e-07,41.29791259765625
Qwen3-1.7B ratio=0.6,target_ratio,train,530,0.5871762913723861,0.14224961996078492,0.5151382826268673,0.6375,0.06119525332469493,4.023624953857512e-07,37.71172332763672
Qwen3-1.7B ratio=0.6,target_ratio,train,540,0.5982550893228085,0.14234448671340943,0.5167354580014945,0.6,0.06781036774627865,4.0051679586563306e-07,70.59490966796875
Qwen3-1.7B ratio=0.6,target_ratio,train,550,0.6093338872732309,0.1611107587814331,0.5102182995527983,0.575,0.04143372429534793,3.986710963455149e-07,58.692298889160156
Qwen3-1.7B ratio=0.6,target_ratio,train,560,0.6204126852236532,0.157470965385437,0.5124044820666314,0.6125,0.050353388744406403,3.968253968253968e-07,47.03506851196289
Qwen3-1.7B ratio=0.6,target_ratio,train,570,0.6314914831740757,0.15252190828323364,0.5131137743592262,0.625,0.05282132220454514,3.949796973052787e-07,37.251041412353516
Qwen3-1.7B ratio=0.6,target_ratio,train,580,0.642570281124498,0.15699893236160278,0.509451188147068,0.6,0.038082862045848744,3.9313399778516055e-07,51.53424835205078
Qwen3-1.7B ratio=0.6,target_ratio,train,590,0.6536490790749204,0.13262722492218018,0.5155257653445006,0.725,0.06244217736530118,3.9128829826504246e-07,49.654396057128906
Qwen3-1.7B ratio=0.6,target_ratio,train,600,0.6647278770253428,0.12715530395507812,0.5198278460651636,0.6625,0.07984519565361552,3.894425987449243e-07,44.16535186767578
Qwen3-1.7B ratio=0.6,target_ratio,eval,600,0.6647278770253428,0.13969562947750092,0.5143575135408713,0.6702412868632708,0.05774339077489865,,
Qwen3-1.7B ratio=0.6,target_ratio,train,610,0.6758066749757651,0.14506630897521972,0.5129747670143843,0.625,0.05233977222815156,3.8759689922480623e-07,37.260196685791016
Qwen3-1.7B ratio=0.6,target_ratio,train,620,0.6868854729261875,0.12640480995178222,0.5191518001258373,0.6625,0.07708705436089076,3.8575119970468803e-07,38.66333770751953
Qwen3-1.7B ratio=0.6,target_ratio,train,630,0.6979642708766098,0.12493064403533935,0.5211062990128994,0.75,0.08516705413348973,3.839055001845699e-07,40.114906311035156
Qwen3-1.7B ratio=0.6,target_ratio,train,640,0.7090430688270323,0.1348801851272583,0.5198213428258895,0.675,0.08016167033929378,3.820598006644518e-07,74.0072021484375
Qwen3-1.7B ratio=0.6,target_ratio,train,650,0.7201218667774546,0.1452682852745056,0.5138225380331278,0.6875,0.055558302090503275,3.8021410114433366e-07,45.586917877197266
Qwen3-1.7B ratio=0.6,target_ratio,train,660,0.731200664727877,0.1361899733543396,0.5164680920541287,0.65,0.06628664564341306,3.7836840162421557e-07,54.71025085449219
Qwen3-1.7B ratio=0.6,target_ratio,train,670,0.7422794626782994,0.1366851806640625,0.5181395307183265,0.6375,0.07335826212074607,3.7652270210409743e-07,49.232391357421875
Qwen3-1.7B ratio=0.6,target_ratio,train,680,0.7533582606287218,0.14880751371383666,0.5113844346255064,0.6375,0.04575507186818868,3.7467700258397934e-07,57.93526077270508
Qwen3-1.7B ratio=0.6,target_ratio,train,690,0.7644370585791441,0.16436245441436767,0.505277245119214,0.5625,0.021117962116841228,3.728313030638612e-07,44.240814208984375
Qwen3-1.7B ratio=0.6,target_ratio,train,700,0.7755158565295666,0.13326219320297242,0.5186636932194233,0.725,0.075191795011051,3.709856035437431e-07,47.29057312011719
Qwen3-1.7B ratio=0.6,target_ratio,eval,700,0.7755158565295666,0.1406543254852295,0.5149150202325458,0.6621983914209115,0.06005311537229384,,
Qwen3-1.7B ratio=0.6,target_ratio,train,710,0.7865946544799889,0.13212572336196898,0.5193347711116075,0.6875,0.0781597493449226,3.691399040236249e-07,44.479400634765625
Qwen3-1.7B ratio=0.6,target_ratio,train,720,0.7976734524304113,0.14179729223251342,0.5134306475520134,0.675,0.05414368282072246,3.672942045035068e-07,48.28996276855469
Qwen3-1.7B ratio=0.6,target_ratio,train,730,0.8087522503808336,0.14894042015075684,0.5115555636584759,0.6125,0.04655814943835139,3.654485049833887e-07,36.68879699707031
Qwen3-1.7B ratio=0.6,target_ratio,train,740,0.8198310483312561,0.12675080299377442,0.5188438061624765,0.725,0.07576309121213853,3.6360280546327055e-07,32.384037017822266
Qwen3-1.7B ratio=0.6,target_ratio,train,750,0.8309098462816784,0.15057498216629028,0.5106129240244627,0.65,0.04271842783782631,3.6175710594315246e-07,44.7469482421875
Qwen3-1.7B ratio=0.6,target_ratio,train,760,0.8419886442321008,0.13479164838790894,0.5164413288235664,0.7,0.06620234164875001,3.599114064230343e-07,41.3184814453125
Qwen3-1.7B ratio=0.6,target_ratio,train,770,0.8530674421825232,0.1288209319114685,0.519688892737031,0.75,0.07942762807942927,3.5806570690291623e-07,44.73835754394531
Qwen3-1.7B ratio=0.6,target_ratio,train,780,0.8641462401329456,0.14346179962158204,0.5159930307418108,0.6375,0.06463764114305377,3.562200073827981e-07,57.923648834228516
Qwen3-1.7B ratio=0.6,target_ratio,train,790,0.8752250380833679,0.12342169284820556,0.5204688496887684,0.6625,0.08240229283110238,3.5437430786267994e-07,38.44272994995117
Qwen3-1.7B ratio=0.6,target_ratio,train,800,0.8863038360337904,0.1200293779373169,0.5242716629058123,0.7375,0.09785428429022432,3.525286083425618e-07,53.543006896972656
Qwen3-1.7B ratio=0.6,target_ratio,eval,800,0.8863038360337904,0.14072518050670624,0.5156076735050366,0.6863270777479893,0.06285283090072327,,
Qwen3-1.7B ratio=0.6,target_ratio,train,810,0.8973826339842127,0.11644192934036254,0.5223107106983662,0.7375,0.08969971048063599,3.5068290882244366e-07,55.2823600769043
Qwen3-1.7B ratio=0.6,target_ratio,train,820,0.9084614319346351,0.12280095815658569,0.5235637549310923,0.6875,0.09506507022306324,3.4883720930232557e-07,58.419273376464844
Qwen3-1.7B ratio=0.6,target_ratio,train,830,0.9195402298850575,0.14191027879714965,0.5181882489472628,0.675,0.0738544131629169,3.4699150978220743e-07,48.92884826660156
Qwen3-1.7B ratio=0.6,target_ratio,train,840,0.9306190278354799,0.12549110651016235,0.5279720216989517,0.675,0.1135942257475108,3.4514581026208934e-07,50.508609771728516
Qwen3-1.7B ratio=0.6,target_ratio,train,850,0.9416978257859022,0.14577867984771728,0.5151945080608129,0.65,0.061240916675888005,3.433001107419712e-07,43.24560546875
Qwen3-1.7B ratio=0.6,target_ratio,train,860,0.9527766237363247,0.1391708731651306,0.518081746250391,0.65,0.07302316472632811,3.414544112218531e-07,40.685699462890625
Qwen3-1.7B ratio=0.6,target_ratio,train,870,0.963855421686747,0.13846206665039062,0.5184729225933552,0.675,0.07468703845515848,3.396087117017349e-07,40.452762603759766
Qwen3-1.7B ratio=0.6,target_ratio,train,880,0.9749342196371694,0.13929961919784545,0.51715497225523,0.675,0.06905791484750808,3.377630121816168e-07,37.046627044677734
Qwen3-1.7B ratio=0.6,target_ratio,train,890,0.9860130175875917,0.13740454912185668,0.5173168893903494,0.65,0.06989832816179842,3.359173126614987e-07,49.45903778076172
Qwen3-1.7B ratio=0.6,target_ratio,train,900,0.9970918155380141,0.12113205194473267,0.5217027980834246,0.675,0.08738409336656332,3.3407161314138055e-07,42.698585510253906
Qwen3-1.7B ratio=0.6,target_ratio,eval,900,0.9970918155380141,0.1357397884130478,0.5188837439700682,0.6916890080428955,0.07623749982812829,,
Qwen3-1.7B ratio=0.6,target_ratio,train,910,1.0077551585652957,0.0873850166797638,0.539233815747422,0.8571428571428571,0.1584114742816075,3.3222591362126246e-07,31.8516902923584
Qwen3-1.7B ratio=0.6,target_ratio,train,920,1.018833956515718,0.08423264622688294,0.5380227115005255,0.8375,0.15319813491078094,3.303802141011443e-07,22.180627822875977
Qwen3-1.7B ratio=0.6,target_ratio,train,930,1.0299127544661404,0.06885998249053955,0.5447533868253231,0.8875,0.18035064643481746,3.2853451458102623e-07,29.21371078491211
Qwen3-1.7B ratio=0.6,target_ratio,train,940,1.0409915524165627,0.09325441718101501,0.533555268868804,0.8375,0.13530063541256823,3.266888150609081e-07,27.68759536743164
Qwen3-1.7B ratio=0.6,target_ratio,train,950,1.0520703503669853,0.0816468358039856,0.5397324081510305,0.8875,0.1601308812852949,3.2484311554078994e-07,29.63298988342285
Qwen3-1.7B ratio=0.6,target_ratio,train,960,1.0631491483174076,0.08160516023635864,0.540770097821951,0.8625,0.1643975629704073,3.229974160206718e-07,36.97354507446289
Qwen3-1.7B ratio=0.6,target_ratio,train,970,1.07422794626783,0.07372484207153321,0.5419097419828176,0.8875,0.16881560690235348,3.2115171650055366e-07,27.517742156982422
Qwen3-1.7B ratio=0.6,target_ratio,train,980,1.0853067442182522,0.08967224955558777,0.5378993596881628,0.8375,0.15321863051503898,3.1930601698043557e-07,27.627716064453125
Qwen3-1.7B ratio=0.6,target_ratio,train,990,1.0963855421686748,0.07709726691246033,0.543272602558136,0.9125,0.17481063390150667,3.1746031746031743e-07,28.810047149658203
Qwen3-1.7B ratio=0.6,target_ratio,train,1000,1.1074643401190971,0.08182538151741028,0.5451941639184952,0.8875,0.18343444974161685,3.1561461794019934e-07,56.230140686035156
Qwen3-1.7B ratio=0.6,target_ratio,eval,1000,1.1074643401190971,0.13795508444309235,0.5190248128236459,0.6729222520107239,0.07686825984235024,,
Qwen3-1.7B ratio=0.6,target_ratio,train,1010,1.1185431380695194,0.08422837257385254,0.5391137801110745,0.875,0.15758228874765337,3.137689184200812e-07,31.983585357666016
Qwen3-1.7B ratio=0.6,target_ratio,train,1020,1.1296219360199418,0.07271872758865357,0.5443249255418777,0.9,0.17876973883248864,3.119232188999631e-07,41.916934967041016
Qwen3-1.7B ratio=0.6,target_ratio,train,1030,1.1407007339703643,0.07996146082878113,0.5421474870294333,0.8875,0.1700652160216123,3.100775193798449e-07,51.74116897583008
Qwen3-1.7B ratio=0.6,target_ratio,train,1040,1.1517795319207866,0.09811386466026306,0.5327574376016855,0.8125,0.1319784071529284,3.0823181985972683e-07,31.955251693725586
Qwen3-1.7B ratio=0.6,target_ratio,train,1050,1.162858329871209,0.07897582054138183,0.5412861701101065,0.8875,0.1664085180265829,3.063861203396087e-07,31.927734375
Qwen3-1.7B ratio=0.6,target_ratio,train,1060,1.1739371278216313,0.07588300704956055,0.5442663665860892,0.9,0.1787531679496169,3.0454042081949055e-07,41.15613555908203
Qwen3-1.7B ratio=0.6,target_ratio,train,1070,1.1850159257720536,0.08159920573234558,0.5415019705891609,0.8625,0.1674625846091658,3.0269472129937246e-07,30.050003051757812
Qwen3-1.7B ratio=0.6,target_ratio,train,1080,1.1960947237224762,0.08443711996078491,0.5398911315947771,0.85,0.16092262151651085,3.008490217792543e-07,20.14406967163086
Qwen3-1.7B ratio=0.6,target_ratio,train,1090,1.2071735216728985,0.08255495429039002,0.5427271328866482,0.9125,0.17280281202401965,2.9900332225913623e-07,46.98682403564453
Qwen3-1.7B ratio=0.6,target_ratio,train,1100,1.2182523196233208,0.08932551145553588,0.5350740939378739,0.8625,0.1413387063657865,2.971576227390181e-07,40.87275314331055
Qwen3-1.7B ratio=0.6,target_ratio,eval,1100,1.2182523196233208,0.13529278337955475,0.5186212392019522,0.6648793565683646,0.07511741758371646,,
Qwen3-1.7B ratio=0.6,target_ratio,train,1110,1.2293311175737434,0.08133851885795593,0.5423075444996357,0.8875,0.17079300551558846,2.953119232189e-07,63.980552673339844
Qwen3-1.7B ratio=0.6,target_ratio,train,1120,1.2404099155241657,0.07414313554763793,0.5438896417617798,0.9,0.1771024024579674,2.934662236987818e-07,26.778728485107422
Qwen3-1.7B ratio=0.6,target_ratio,train,1130,1.251488713474588,0.07134999632835388,0.5467338565737009,0.8625,0.1887260651215911,2.9162052417866366e-07,32.707008361816406
Qwen3-1.7B ratio=0.6,target_ratio,train,1140,1.2625675114250103,0.078583824634552,0.5471573300659657,0.9125,0.19098291471600531,2.8977482465854557e-07,33.65989303588867
Qwen3-1.7B ratio=0.6,target_ratio,train,1150,1.2736463093754327,0.06678123474121093,0.5474770504981279,0.9,0.19161966447718443,2.8792912513842743e-07,24.549179077148438
Qwen3-1.7B ratio=0.6,target_ratio,train,1160,1.2847251073258552,0.07496204376220703,0.5464889153838157,0.9125,0.18806660533882677,2.8608342561830934e-07,49.276676177978516
Qwen3-1.7B ratio=0.6,target_ratio,train,1170,1.2958039052762775,0.08483157753944397,0.5402990311384201,0.9125,0.16290483151096852,2.842377260981912e-07,40.77574157714844
Qwen3-1.7B ratio=0.6,target_ratio,train,1180,1.3068827032266999,0.06850852370262146,0.5472433567047119,0.9375,0.19080191268585622,2.823920265780731e-07,23.65814781188965
Qwen3-1.7B ratio=0.6,target_ratio,train,1190,1.3179615011771224,0.07985204458236694,0.5396884638816118,0.8625,0.15996749293990434,2.8054632705795497e-07,32.226417541503906
Qwen3-1.7B ratio=0.6,target_ratio,train,1200,1.3290402991275447,0.08032318949699402,0.541051771491766,0.9,0.1658180526806973,2.7870062753783683e-07,40.335208892822266
Qwen3-1.7B ratio=0.6,target_ratio,eval,1200,1.3290402991275447,0.13660185039043427,0.517167214174373,0.6916890080428955,0.06917250884170008,,
Qwen3-1.7B ratio=0.6,target_ratio,train,1210,1.340119097077967,0.08728007674217224,0.5393392693251371,0.825,0.15885396329686047,2.768549280177187e-07,54.03104019165039
Qwen3-1.7B ratio=0.6,target_ratio,train,1220,1.3511978950283894,0.07312485575675964,0.5439750641584397,0.8625,0.1773982384474948,2.7500922849760055e-07,33.7266731262207
Qwen3-1.7B ratio=0.6,target_ratio,train,1230,1.3622766929788117,0.08244073987007142,0.5380130495876074,0.925,0.153218815010041,2.7316352897748246e-07,28.546710968017578
Qwen3-1.7B ratio=0.6,target_ratio,train,1240,1.3733554909292343,0.07815111875534057,0.5406778529286385,0.9375,0.1640526073751971,2.713178294573643e-07,30.445589065551758
Qwen3-1.7B ratio=0.6,target_ratio,train,1250,1.3844342888796566,0.07003679275512695,0.5465892210602761,0.925,0.18819509344175459,2.6947212993724623e-07,32.01148986816406
Qwen3-1.7B ratio=0.6,target_ratio,train,1260,1.395513086830079,0.06859750151634217,0.5470024045556784,0.9625,0.1897597340401262,2.676264304171281e-07,52.75096893310547
Qwen3-1.7B ratio=0.6,target_ratio,train,1270,1.4065918847805012,0.0665022611618042,0.5488319434225559,0.9375,0.19726349513512104,2.6578073089701e-07,26.543672561645508
Qwen3-1.7B ratio=0.6,target_ratio,train,1280,1.4176706827309236,0.07378174066543579,0.5426429662853479,0.9375,0.17183480369858445,2.639350313768918e-07,29.681394577026367
Qwen3-1.7B ratio=0.6,target_ratio,train,1290,1.428749480681346,0.0640811026096344,0.5527170315384865,0.9125,0.21321587171405554,2.620893318567737e-07,41.08941650390625
Qwen3-1.7B ratio=0.6,target_ratio,train,1300,1.4398282786317684,0.07358095645904542,0.5474071357399225,0.9,0.19168381474446505,2.602436323366556e-07,37.401466369628906
Qwen3-1.7B ratio=0.6,target_ratio,eval,1300,1.4398282786317684,0.13542848825454712,0.518656029538239,0.6809651474530831,0.07528888252401479,,
Qwen3-1.7B ratio=0.6,target_ratio,train,1310,1.4509070765821908,0.07639682292938232,0.5401086930185557,0.875,0.16144635451491923,2.5839793281653743e-07,34.5922737121582
Qwen3-1.7B ratio=0.6,target_ratio,train,1320,1.4619858745326133,0.07106825113296508,0.5442972034215927,0.9,0.17862795642577112,2.5655223329641934e-07,34.3482551574707
Qwen3-1.7B ratio=0.6,target_ratio,train,1330,1.4730646724830356,0.0679663896560669,0.5513896245509387,0.9375,0.2082278104731813,2.547065337763012e-07,58.809818267822266
Qwen3-1.7B ratio=0.6,target_ratio,train,1340,1.484143470433458,0.06984123587608337,0.5438972942531108,0.9125,0.17698198966681958,2.528608342561831e-07,29.12392807006836
Qwen3-1.7B ratio=0.6,target_ratio,train,1350,1.4952222683838803,0.06602141261100769,0.5456388849765063,0.9625,0.1839828238589689,2.5101513473606497e-07,26.898422241210938
Qwen3-1.7B ratio=0.6,target_ratio,train,1360,1.5063010663343026,0.08032944798469543,0.5426940687000752,0.875,0.1725423245341517,2.4916943521594683e-07,22.6693058013916
Qwen3-1.7B ratio=0.6,target_ratio,train,1370,1.5173798642847252,0.06442331075668335,0.5510775748640299,0.9375,0.20653090626001358,2.473237356958287e-07,27.666643142700195
Qwen3-1.7B ratio=0.6,target_ratio,train,1380,1.5284586622351475,0.08539195656776429,0.5443584952503443,0.8625,0.17989051304757595,2.454780361757106e-07,43.31193161010742
Qwen3-1.7B ratio=0.6,target_ratio,train,1390,1.5395374601855698,0.0631390392780304,0.5485613271594048,0.9375,0.195929026696831,2.4363233665559246e-07,24.136838912963867
Qwen3-1.7B ratio=0.6,target_ratio,train,1400,1.5506162581359924,0.07446139454841613,0.5482993468642234,0.9125,0.1954593006055802,2.417866371354743e-07,29.8737735748291
Qwen3-1.7B ratio=0.6,target_ratio,eval,1400,1.5506162581359924,0.13689753413200378,0.5172592607643904,0.710455764075067,0.06953029006335075,,
Qwen3-1.7B ratio=0.6,target_ratio,train,1410,1.5616950560864147,0.07798031568527222,0.5387117851525545,0.9125,0.1558283322956413,2.3994093761535623e-07,42.317108154296875
Qwen3-1.7B ratio=0.6,target_ratio,train,1420,1.572773854036837,0.07164958715438843,0.5428053416311741,0.925,0.17246647153515368,2.3809523809523806e-07,54.79023742675781
Qwen3-1.7B ratio=0.6,target_ratio,train,1430,1.5838526519872593,0.06104696989059448,0.5527296043932438,0.9375,0.21316926442086698,2.3624953857511995e-07,45.42445755004883
Qwen3-1.7B ratio=0.6,target_ratio,train,1440,1.5949314499376817,0.07776761651039124,0.5411780115216971,0.9,0.16607562403660267,2.3440383905500183e-07,30.95625877380371
Qwen3-1.7B ratio=0.6,target_ratio,train,1450,1.6060102478881042,0.07035912871360779,0.5482706297188997,0.9125,0.19507034649141133,2.3255813953488372e-07,34.044593811035156
Qwen3-1.7B ratio=0.6,target_ratio,train,1460,1.6170890458385265,0.07081673741340637,0.5438173964619637,0.925,0.1766810085158795,2.3071244001476557e-07,29.871896743774414
Qwen3-1.7B ratio=0.6,target_ratio,train,1470,1.6281678437889489,0.07341604232788086,0.5459650807082653,0.9,0.1855044663301669,2.2886674049464746e-07,39.79011535644531
Qwen3-1.7B ratio=0.6,target_ratio,train,1480,1.6392466417393714,0.0800110399723053,0.5383776780217886,0.875,0.15452806844841688,2.2702104097452934e-07,24.035442352294922
Qwen3-1.7B ratio=0.6,target_ratio,train,1490,1.6503254396897935,0.07363244295120239,0.5454638358205557,0.9125,0.18380461898632347,2.2517534145441123e-07,35.56049728393555
Qwen3-1.7B ratio=0.6,target_ratio,train,1500,1.661404237640216,0.07212016582489014,0.5446468450129032,0.8875,0.18016884406097233,2.2332964193429311e-07,43.948631286621094
Qwen3-1.7B ratio=0.6,target_ratio,eval,1500,1.661404237640216,0.13340429961681366,0.5204772130254127,0.6890080428954424,0.08277461572922266,,
Qwen3-1.7B ratio=0.6,target_ratio,train,1510,1.6724830355906384,0.06786639094352723,0.5484789926558733,0.8875,0.19567118966951966,2.2148394241417495e-07,20.339290618896484
Qwen3-1.7B ratio=0.6,target_ratio,train,1520,1.6835618335410607,0.07810395956039429,0.5471350327134132,0.8875,0.1911258911015466,2.1963824289405683e-07,35.798500061035156
Qwen3-1.7B ratio=0.6,target_ratio,train,1530,1.6946406314914833,0.0698340356349945,0.5476901087909937,0.925,0.19273272261489183,2.1779254337393872e-07,32.54853439331055
Qwen3-1.7B ratio=0.6,target_ratio,train,1540,1.7057194294419056,0.08409429788589477,0.5381181765347719,0.875,0.15368246634025126,2.159468438538206e-07,30.339048385620117
Qwen3-1.7B ratio=0.6,target_ratio,train,1550,1.716798227392328,0.06124024987220764,0.5500888947397471,0.975,0.20201548126060515,2.1410114433370246e-07,29.225515365600586
Qwen3-1.7B ratio=0.6,target_ratio,train,1560,1.7278770253427504,0.06945329904556274,0.5460901390761137,0.9625,0.1861188208684325,2.1225544481358434e-07,29.000221252441406
Qwen3-1.7B ratio=0.6,target_ratio,train,1570,1.7389558232931726,0.06979436278343201,0.5449206497520208,0.975,0.18117107423022388,2.1040974529346623e-07,29.371349334716797
Qwen3-1.7B ratio=0.6,target_ratio,train,1580,1.750034621243595,0.0719607949256897,0.5429550834000111,0.925,0.17298550202685875,2.0856404577334811e-07,40.70805740356445
Qwen3-1.7B ratio=0.6,target_ratio,train,1590,1.7611134191940174,0.07092964053153991,0.5464536763727665,0.925,0.18758352363947778,2.0671834625322995e-07,30.77849769592285
Qwen3-1.7B ratio=0.6,target_ratio,train,1600,1.7721922171444398,0.06382039189338684,0.5486108090728521,0.925,0.1960478007560596,2.0487264673311183e-07,38.79747772216797
Qwen3-1.7B ratio=0.6,target_ratio,eval,1600,1.7721922171444398,0.13470172882080078,0.5191158823289437,0.6863270777479893,0.07713473281615861,,
Qwen3-1.7B ratio=0.6,target_ratio,train,1610,1.7832710150948623,0.06270971894264221,0.5528283338993788,0.9125,0.21360154156573116,2.0302694721299372e-07,27.3757381439209
Qwen3-1.7B ratio=0.6,target_ratio,train,1620,1.7943498130452846,0.0660047173500061,0.546239722147584,0.9375,0.1863461894565262,2.011812476928756e-07,23.33278465270996
Qwen3-1.7B ratio=0.6,target_ratio,train,1630,1.805428610995707,0.07159872651100159,0.5479884706437588,0.925,0.19417870766483247,1.9933554817275746e-07,25.802669525146484
Qwen3-1.7B ratio=0.6,target_ratio,train,1640,1.8165074089461295,0.06817753314971924,0.5499125201255083,0.9125,0.20190998702310026,1.9748984865263934e-07,31.487201690673828
Qwen3-1.7B ratio=0.6,target_ratio,train,1650,1.8275862068965516,0.06862480640411377,0.5493145812302828,0.925,0.19945650747977198,1.9564414913252123e-07,25.238252639770508
Qwen3-1.7B ratio=0.6,target_ratio,train,1660,1.8386650048469741,0.07404593825340271,0.5477284297347069,0.9125,0.19308090002741665,1.9379844961240311e-07,45.3078727722168
Qwen3-1.7B ratio=0.6,target_ratio,train,1670,1.8497438027973965,0.059994745254516604,0.5518199685961008,0.95,0.20918554463423789,1.9195275009228495e-07,29.77111053466797
Qwen3-1.7B ratio=0.6,target_ratio,train,1680,1.8608226007478188,0.07111873030662537,0.543981846794486,0.925,0.17729116550181062,1.9010705057216683e-07,31.662912368774414
Qwen3-1.7B ratio=0.6,target_ratio,train,1690,1.8719013986982413,0.06936100721359253,0.5480493366718292,0.8875,0.1939975939458236,1.8826135105204872e-07,25.95368003845215
Qwen3-1.7B ratio=0.6,target_ratio,train,1700,1.8829801966486637,0.07205593585968018,0.545950822532177,0.925,0.18573456604208333,1.864156515319306e-07,28.311189651489258
Qwen3-1.7B ratio=0.6,target_ratio,eval,1700,1.8829801966486637,0.13572803139686584,0.5178285055761362,0.6890080428954424,0.07189918832788518,,
Qwen3-1.7B ratio=0.6,target_ratio,train,1710,1.894058994599086,0.07252299785614014,0.5468455668538809,0.925,0.1894084708765149,1.8456995201181246e-07,76.46156311035156
Qwen3-1.7B ratio=0.6,target_ratio,train,1720,1.9051377925495083,0.06035674214363098,0.5512368839234114,0.9625,0.20680657732300461,1.8272425249169434e-07,29.2777156829834
Qwen3-1.7B ratio=0.6,target_ratio,train,1730,1.9162165904999306,0.06062648296356201,0.5495874654501677,0.9375,0.19996250770054758,1.8087855297157623e-07,25.9024715423584
Qwen3-1.7B ratio=0.6,target_ratio,train,1740,1.9272953884503532,0.07941336631774902,0.5465643551200629,0.9125,0.1886980672599748,1.7903285345145811e-07,31.212600708007812
Qwen3-1.7B ratio=0.6,target_ratio,train,1750,1.9383741864007755,0.07387104630470276,0.5470568526536226,0.9375,0.19033688881900163,1.7718715393133997e-07,23.725811004638672
Qwen3-1.7B ratio=0.6,target_ratio,train,1760,1.9494529843511978,0.07084930539131165,0.5497403014451265,0.9375,0.20172922585625203,1.7534145441122183e-07,26.292919158935547
Qwen3-1.7B ratio=0.6,target_ratio,train,1770,1.9605317823016204,0.06717889308929444,0.5451289307326078,0.9125,0.18180581061169504,1.7349575489110372e-07,45.77259063720703
Qwen3-1.7B ratio=0.6,target_ratio,train,1780,1.9716105802520425,0.07305434942245484,0.5462810520082713,0.9125,0.18699205687153153,1.716500553709856e-07,35.96063232421875
Qwen3-1.7B ratio=0.6,target_ratio,train,1790,1.982689378202465,0.058274310827255246,0.5531390953809023,0.9375,0.21455746344290674,1.6980435585086746e-07,22.496339797973633
Qwen3-1.7B ratio=0.6,target_ratio,train,1800,1.9937681761528874,0.06809415817260742,0.5496543493121863,0.925,0.20059029720723628,1.6795865633074934e-07,44.21928024291992
Qwen3-1.7B ratio=0.6,target_ratio,eval,1800,1.9937681761528874,0.13396748900413513,0.5190161953183345,0.710455764075067,0.07684084919378681,,
Qwen3-1.7B ratio=0.6,target_ratio,train,1810,2.004431519180169,0.05160003900527954,0.5549632752096498,0.974025974025974,0.22163897019798878,1.6611295681063123e-07,15.353078842163086
Qwen3-1.7B ratio=0.6,target_ratio,train,1820,2.0155103171305915,0.045788297057151796,0.5589505981653928,0.975,0.23791272439993918,1.6426725729051311e-07,19.775043487548828
Qwen3-1.7B ratio=0.6,target_ratio,train,1830,2.0265891150810136,0.04181534647941589,0.5617499962449074,0.9625,0.2492456254083663,1.6242155777039497e-07,30.908674240112305
Qwen3-1.7B ratio=0.6,target_ratio,train,1840,2.037667913031436,0.038731685280799864,0.5611176777631044,0.975,0.24652944803237914,1.6057585825027683e-07,19.597393035888672
Qwen3-1.7B ratio=0.6,target_ratio,train,1850,2.0487467109818587,0.04183689653873444,0.5603789664804936,0.9625,0.2436204276047647,1.5873015873015872e-07,30.960187911987305
Qwen3-1.7B ratio=0.6,target_ratio,train,1860,2.059825508932281,0.03943073451519012,0.5626654207706452,1.0,0.25308345165103674,1.568844592100406e-07,22.73700523376465
Qwen3-1.7B ratio=0.6,target_ratio,train,1870,2.0709043068827033,0.03752686083316803,0.5626798659563065,0.975,0.25296352193690835,1.5503875968992246e-07,25.41564178466797
Qwen3-1.7B ratio=0.6,target_ratio,train,1880,2.0819831048331254,0.03125903308391571,0.5708264671266079,0.9875,0.2863781990017742,1.5319306016980434e-07,21.863113403320312
Qwen3-1.7B ratio=0.6,target_ratio,train,1890,2.093061902783548,0.03200948238372803,0.5658389881253243,1.0,0.2657874905504286,1.5134736064968623e-07,21.12024688720703
Qwen3-1.7B ratio=0.6,target_ratio,train,1900,2.1041407007339705,0.0392451137304306,0.5615509543567896,0.9875,0.2483742252923548,1.4950166112956811e-07,16.635215759277344
Qwen3-1.7B ratio=0.6,target_ratio,eval,1900,2.1041407007339705,0.13481076061725616,0.5186766016898782,0.6943699731903485,0.07538398738011678,,
Qwen3-1.7B ratio=0.6,target_ratio,train,1910,2.1152194986843926,0.03956986665725708,0.5591765996068716,0.9875,0.23852991303429008,1.4765596160945e-07,24.22402572631836
Qwen3-1.7B ratio=0.6,target_ratio,train,1920,2.126298296634815,0.04151098728179932,0.5596744462847709,0.9875,0.24074542238377034,1.4581026208933183e-07,18.960664749145508
Qwen3-1.7B ratio=0.6,target_ratio,train,1930,2.1373770945852373,0.04785439670085907,0.5582724135369063,0.9625,0.23532665325328708,1.4396456256921372e-07,24.22654151916504
Qwen3-1.7B ratio=0.6,target_ratio,train,1940,2.14845589253566,0.041698864102363585,0.563292383402586,0.9875,0.25582292121835054,1.421188630490956e-07,20.367168426513672
Qwen3-1.7B ratio=0.6,target_ratio,train,1950,2.1595346904860824,0.033672675490379333,0.5656974032521248,1.0,0.26529142428189517,1.4027316352897749e-07,17.629941940307617
Qwen3-1.7B ratio=0.6,target_ratio,train,1960,2.1706134884365045,0.040812510251998904,0.5600596003234386,0.95,0.2421916678082198,1.3842746400885934e-07,19.948572158813477
Qwen3-1.7B ratio=0.6,target_ratio,train,1970,2.181692286386927,0.027294138073921205,0.5688095256686211,1.0,0.2777725518681109,1.3658176448874123e-07,15.918619155883789
Qwen3-1.7B ratio=0.6,target_ratio,train,1980,2.1927710843373496,0.040476977825164795,0.5640229851007461,0.9875,0.2587814634665847,1.3473606496862311e-07,17.09653091430664
Qwen3-1.7B ratio=0.6,target_ratio,train,1990,2.2038498822877717,0.04233485162258148,0.5648842986673117,0.975,0.2624375151237473,1.32890365448505e-07,19.547609329223633
Qwen3-1.7B ratio=0.6,target_ratio,train,2000,2.2149286802381942,0.03400157690048218,0.5666844114661217,1.0,0.2694523307029158,1.3104466592838686e-07,31.030046463012695
Qwen3-1.7B ratio=0.6,target_ratio,eval,2000,2.2149286802381942,0.13438986241817474,0.5186317358515538,0.6863270777479893,0.07513424747276443,,
Qwen3-1.7B ratio=0.6,target_ratio,train,2010,2.2260074781886163,0.03618018627166748,0.5717416428029537,1.0,0.2908095809514634,1.2919896640826872e-07,16.712797164916992
Qwen3-1.7B ratio=0.6,target_ratio,train,2020,2.237086276139039,0.037467080354690555,0.5632375318557024,0.9875,0.2552408503368497,1.273532668881506e-07,14.645724296569824
Qwen3-1.7B ratio=0.6,target_ratio,train,2030,2.2481650740894614,0.03816958069801331,0.5645979013293981,0.975,0.26092813345603644,1.2550756736803249e-07,18.898786544799805
Qwen3-1.7B ratio=0.6,target_ratio,train,2040,2.2592438720398835,0.03745841979980469,0.5644728124141694,0.9875,0.2603832628345117,1.2366186784791434e-07,29.020755767822266
Qwen3-1.7B ratio=0.6,target_ratio,train,2050,2.270322669990306,0.04238073527812958,0.5622512482106685,0.975,0.2515480721835047,1.2181616832779623e-07,22.358861923217773
Qwen3-1.7B ratio=0.6,target_ratio,train,2060,2.2814014679407286,0.040057307481765746,0.5617754191160202,0.975,0.2493408627109602,1.1997046880767811e-07,22.3099365234375
Qwen3-1.7B ratio=0.6,target_ratio,train,2070,2.2924802658911507,0.03821132481098175,0.5611134834587574,0.9875,0.24650204195640982,1.1812476928755997e-07,20.535995483398438
Qwen3-1.7B ratio=0.6,target_ratio,train,2080,2.3035590638415733,0.040415340662002565,0.5597053810954093,0.9875,0.24076344761997462,1.1627906976744186e-07,23.10543441772461
Qwen3-1.7B ratio=0.6,target_ratio,train,2090,2.3146378617919954,0.03322562277317047,0.5685246713459492,1.0,0.27699377611279485,1.1443337024732373e-07,21.935813903808594
Qwen3-1.7B ratio=0.6,target_ratio,train,2100,2.325716659742418,0.04461483657360077,0.5573200408369303,0.975,0.2311514878179878,1.1258767072720561e-07,29.28113555908203
Qwen3-1.7B ratio=0.6,target_ratio,eval,2100,2.325716659742418,0.1355707049369812,0.5183521361357405,0.67828418230563,0.07408143958980692,,
Qwen3-1.7B ratio=0.6,target_ratio,train,2110,2.3367954576928405,0.04138396382331848,0.5631150387227535,0.975,0.2549817896913737,1.1074197120708747e-07,25.946775436401367
Qwen3-1.7B ratio=0.6,target_ratio,train,2120,2.3478742556432626,0.0366762638092041,0.5673940546810627,0.9625,0.27253979281522334,1.0889627168696936e-07,24.281944274902344
Qwen3-1.7B ratio=0.6,target_ratio,train,2130,2.358953053593685,0.04049392938613892,0.5632940091192722,0.975,0.25570972808636727,1.0705057216685123e-07,20.634105682373047
Qwen3-1.7B ratio=0.6,target_ratio,train,2140,2.3700318515441072,0.040813103318214417,0.5608705285936594,0.975,0.24564099630806596,1.0520487264673311e-07,14.808294296264648
Qwen3-1.7B ratio=0.6,target_ratio,train,2150,2.3811106494945298,0.03466399610042572,0.5683705065399408,0.9875,0.27638523527421055,1.0335917312661497e-07,26.948165893554688
Qwen3-1.7B ratio=0.6,target_ratio,train,2160,2.3921894474449523,0.042348092794418334,0.5582508761435747,0.9875,0.23482172880321742,1.0151347360649686e-07,25.557119369506836
Qwen3-1.7B ratio=0.6,target_ratio,train,2170,2.4032682453953744,0.041188114881515504,0.5639577403664588,0.9625,0.25850859596394005,9.966777408637873e-08,33.47881317138672
Qwen3-1.7B ratio=0.6,target_ratio,train,2180,2.414347043345797,0.04006273746490478,0.5703019920736552,0.9625,0.28500279418658464,9.782207456626061e-08,16.65578842163086
Qwen3-1.7B ratio=0.6,target_ratio,train,2190,2.4254258412962195,0.03531118333339691,0.5642157189548016,0.9875,0.2591923425439745,9.597637504614247e-08,22.48714256286621
Qwen3-1.7B ratio=0.6,target_ratio,train,2200,2.4365046392466416,0.044350868463516234,0.5621037773787976,0.9625,0.2509881361736916,9.413067552602436e-08,16.077186584472656
Qwen3-1.7B ratio=0.6,target_ratio,eval,2200,2.4365046392466416,0.13360276818275452,0.5194279586661597,0.6809651474530831,0.07848590560227472,,
Qwen3-1.7B ratio=0.6,target_ratio,train,2210,2.447583437197064,0.04543626308441162,0.559132244065404,0.9625,0.23875391893088818,9.228497600590623e-08,19.810300827026367
Qwen3-1.7B ratio=0.6,target_ratio,train,2220,2.4586622351474867,0.039200103282928465,0.5613307751715183,0.9875,0.24741074135527014,9.043927648578811e-08,25.88166046142578
Qwen3-1.7B ratio=0.6,target_ratio,train,2230,2.469741033097909,0.034043556451797484,0.5650817610323429,0.9875,0.26268066810443996,8.859357696566999e-08,14.235491752624512
Qwen3-1.7B ratio=0.6,target_ratio,train,2240,2.4808198310483314,0.04103281199932098,0.5625695034861564,0.9625,0.25268900287337603,8.674787744555186e-08,25.55257225036621
Qwen3-1.7B ratio=0.6,target_ratio,train,2250,2.4918986289987535,0.039758104085922244,0.5608423508703708,1.0,0.2454819794977084,8.490217792543373e-08,19.83563995361328
Qwen3-1.7B ratio=0.6,target_ratio,train,2260,2.502977426949176,0.04649547934532165,0.5616478133946657,0.95,0.24910281095653772,8.305647840531561e-08,24.174747467041016
Qwen3-1.7B ratio=0.6,target_ratio,train,2270,2.5140562248995986,0.03942235112190247,0.5615259274840355,0.95,0.2481994609697722,8.121077888519749e-08,17.522172927856445
Qwen3-1.7B ratio=0.6,target_ratio,train,2280,2.5251350228500207,0.03749220371246338,0.5628119066357613,0.9875,0.2535060408525169,7.936507936507936e-08,19.063039779663086
Qwen3-1.7B ratio=0.6,target_ratio,train,2290,2.536213820800443,0.031604185700416565,0.5676623702049255,1.0,0.27329979953356087,7.751937984496123e-08,20.19780158996582
Qwen3-1.7B ratio=0.6,target_ratio,train,2300,2.5472926187508653,0.039165380597114566,0.5632183685898781,0.975,0.255365096218884,7.567368032484311e-08,16.326332092285156
Qwen3-1.7B ratio=0.6,target_ratio,eval,2300,2.5472926187508653,0.13623051345348358,0.5176772992189065,0.6890080428954424,0.07130848358937067,,
Qwen3-1.7B ratio=0.6,target_ratio,train,2310,2.558371416701288,0.030973169207572936,0.5690751802176237,0.9875,0.2790736769209616,7.3827980804725e-08,20.654748916625977
Qwen3-1.7B ratio=0.6,target_ratio,train,2320,2.5694502146517104,0.046782451868057254,0.5563920758664608,1.0,0.2274796781130135,7.198228128460686e-08,22.374719619750977
Qwen3-1.7B ratio=0.6,target_ratio,train,2330,2.5805290126021325,0.037214019894599916,0.5624577574431896,0.9875,0.25199855347163974,7.013658176448874e-08,16.266504287719727
Qwen3-1.7B ratio=0.6,target_ratio,train,2340,2.591607810552555,0.03534043431282043,0.5671481594443322,1.0,0.2714787683216855,6.829088224437061e-08,26.78790855407715
Qwen3-1.7B ratio=0.6,target_ratio,train,2350,2.602686608502977,0.035159450769424436,0.565430311486125,0.9875,0.2642701446078718,6.64451827242525e-08,20.708141326904297
Qwen3-1.7B ratio=0.6,target_ratio,train,2360,2.6137654064533997,0.03669336438179016,0.56176528185606,0.9875,0.24907594276592135,6.459948320413436e-08,16.32088279724121
Qwen3-1.7B ratio=0.6,target_ratio,train,2370,2.6248442044038223,0.03800083100795746,0.5611953496932983,0.9875,0.2467858566902578,6.275378368401624e-08,19.944862365722656
Qwen3-1.7B ratio=0.6,target_ratio,train,2380,2.635923002354245,0.042877310514450075,0.5621040511876345,0.9375,0.2508118727011606,6.090808416389811e-08,27.711410522460938
Qwen3-1.7B ratio=0.6,target_ratio,train,2390,2.647001800304667,0.03764680325984955,0.5634569402784109,0.9875,0.2562030563130975,5.9062384643779986e-08,16.761499404907227
Qwen3-1.7B ratio=0.6,target_ratio,train,2400,2.6580805982550895,0.046529251337051394,0.5579858526587487,0.975,0.23402783046476544,5.7216685123661865e-08,25.150287628173828
Qwen3-1.7B ratio=0.6,target_ratio,eval,2400,2.6580805982550895,0.13537389039993286,0.5185525730531912,0.6890080428954424,0.07490603643252287,,
Qwen3-1.7B ratio=0.6,target_ratio,train,2410,2.6691593962055116,0.03636726140975952,0.568490169942379,0.9875,0.2771731598768383,5.5370985603543736e-08,18.99178695678711
Qwen3-1.7B ratio=0.6,target_ratio,train,2420,2.680238194155934,0.039371877908706665,0.5624039933085442,0.9875,0.2518957148306072,5.3525286083425615e-08,18.81342315673828
Qwen3-1.7B ratio=0.6,target_ratio,train,2430,2.6913169921063567,0.02792414426803589,0.5714655596762895,0.9875,0.28882691273465755,5.1679586563307486e-08,14.270694732666016
Qwen3-1.7B ratio=0.6,target_ratio,train,2440,2.7023957900567788,0.038528618216514585,0.5606375753879547,1.0,0.24455073322169482,4.9833887043189365e-08,21.059072494506836
Qwen3-1.7B ratio=0.6,target_ratio,train,2450,2.7134745880072013,0.02953350841999054,0.5677149429917335,1.0,0.2733739184215665,4.7988187523071236e-08,17.974897384643555
Qwen3-1.7B ratio=0.6,target_ratio,train,2460,2.7245533859576234,0.03175216317176819,0.5738282047212124,1.0,0.29907345375977457,4.6142488002953115e-08,15.92594051361084
Qwen3-1.7B ratio=0.6,target_ratio,train,2470,2.735632183908046,0.035901245474815366,0.5654656678438187,0.975,0.26438948980066923,4.429678848283499e-08,19.97166633605957
Qwen3-1.7B ratio=0.6,target_ratio,train,2480,2.7467109818584685,0.03760878443717956,0.5630068216472864,0.9625,0.2542736480012536,4.2451088962716865e-08,20.684871673583984
Qwen3-1.7B ratio=0.6,target_ratio,train,2490,2.7577897798088906,0.03388749957084656,0.5699262216687202,1.0,0.28287139772437514,4.060538944259874e-08,14.271023750305176
Qwen3-1.7B ratio=0.6,target_ratio,train,2500,2.768868577759313,0.04092551171779633,0.5640061039477586,0.9875,0.25866633616387846,3.8759689922480615e-08,22.962249755859375
Qwen3-1.7B ratio=0.6,target_ratio,eval,2500,2.768868577759313,0.1341126263141632,0.5190696294441939,0.6943699731903485,0.07699591189562954,,
Qwen3-1.7B ratio=0.6,target_ratio,train,2510,2.7799473757097353,0.031160467863082887,0.5708565682172775,1.0,0.2865273666917346,3.69139904023625e-08,18.588409423828125
Qwen3-1.7B ratio=0.6,target_ratio,train,2520,2.791026173660158,0.03503049910068512,0.5649830773472786,0.9875,0.2623298913240433,3.506829088224437e-08,19.596708297729492
Qwen3-1.7B ratio=0.6,target_ratio,train,2530,2.8021049716105804,0.035806334018707274,0.5656915858387948,0.9875,0.2653916801325977,3.322259136212625e-08,21.538776397705078
Qwen3-1.7B ratio=0.6,target_ratio,train,2540,2.8131837695610025,0.03802679181098938,0.5623659033328294,0.975,0.2516230938024819,3.137689184200812e-08,23.99390411376953
Qwen3-1.7B ratio=0.6,target_ratio,train,2550,2.824262567511425,0.03796394467353821,0.5655707240104675,0.975,0.2649913954548538,2.9531192321889993e-08,17.228506088256836
Qwen3-1.7B ratio=0.6,target_ratio,train,2560,2.835341365461847,0.038179540634155275,0.5629612829536199,0.975,0.25417377999983726,2.7685492801771868e-08,21.3489990234375
Qwen3-1.7B ratio=0.6,target_ratio,train,2570,2.8464201634122697,0.02927170991897583,0.5692902226001024,0.9875,0.2799282300285995,2.5839793281653743e-08,20.44675636291504
Qwen3-1.7B ratio=0.6,target_ratio,train,2580,2.857498961362692,0.03944624066352844,0.5631360121071338,0.9875,0.2550005405792035,2.3994093761535618e-08,21.635251998901367
Qwen3-1.7B ratio=0.6,target_ratio,train,2590,2.8685777593131148,0.03482931554317474,0.5696247391402721,0.9875,0.2817011684179306,2.2148394241417497e-08,13.118325233459473
Qwen3-1.7B ratio=0.6,target_ratio,train,2600,2.879656557263537,0.03476570844650269,0.563721189647913,1.0,0.25709415767341853,2.030269472129937e-08,26.41608238220215
Qwen3-1.7B ratio=0.6,target_ratio,eval,2600,2.879656557263537,0.13548727333545685,0.5184112356591161,0.6890080428954424,0.07431604878492554,,
Qwen3-1.7B ratio=0.6,target_ratio,train,2610,2.8907353552139594,0.03375419676303863,0.5669234618544579,0.975,0.2703320050612092,1.845699520118125e-08,21.494882583618164
Qwen3-1.7B ratio=0.6,target_ratio,train,2620,2.9018141531643815,0.03867132067680359,0.5640105079859495,0.9625,0.25853489404544233,1.6611295681063125e-08,14.711552619934082
Qwen3-1.7B ratio=0.6,target_ratio,train,2630,2.912892951114804,0.02973594665527344,0.5653786815702915,1.0,0.2636654739268124,1.4765596160944997e-08,16.177602767944336
Qwen3-1.7B ratio=0.6,target_ratio,train,2640,2.9239717490652266,0.0368028849363327,0.5640589810907841,0.9875,0.2586307268124074,1.2919896640826872e-08,19.81648826599121
Qwen3-1.7B ratio=0.6,target_ratio,train,2650,2.9350505470156487,0.03205035924911499,0.567063269764185,0.9875,0.2707920628134161,1.1074197120708748e-08,28.157724380493164
Qwen3-1.7B ratio=0.6,target_ratio,train,2660,2.9461293449660713,0.04039462208747864,0.56844487413764,0.975,0.2772470100782812,9.228497600590625e-09,25.05008888244629
Qwen3-1.7B ratio=0.6,target_ratio,train,2670,2.9572081429164934,0.04294088184833526,0.5613031856715679,0.9625,0.24756505286786706,7.382798080472498e-09,34.305912017822266
Qwen3-1.7B ratio=0.6,target_ratio,train,2680,2.968286940866916,0.040982413291931155,0.5627758592367172,0.975,0.2535977489082143,5.537098560354374e-09,23.752233505249023
Qwen3-1.7B ratio=0.6,target_ratio,train,2690,2.9793657388173385,0.0445785403251648,0.5591980051249266,0.95,0.23887488725595177,3.691399040236249e-09,31.673629760742188
Qwen3-1.7B ratio=0.6,target_ratio,train,2700,2.9904445367677606,0.032390099763870236,0.5695084303617477,0.975,0.2809356838930398,1.8456995201181246e-09,21.179994583129883
Qwen3-1.7B ratio=0.6,target_ratio,eval,2700,2.9904445367677606,0.13608938455581665,0.518191655743218,0.7024128686327078,0.07343873972367825,,
Qwen3-1.7B ratio=0.6,target_ratio,eval,2709,3.0,0.13517558574676514,0.5185434080800166,0.6863270777479893,0.07485137102830826,,
